ATEX__c,Availability__c,BRAND__c,CUTR__c,CurrencyIsoCode,Description__c,FA_Combo__c,GasGroup__c,MaxMAWP__c,NACE__c,OP_Percent__c,PED__c,PTC__c,PosCMethod__c,PosDir__c,PosEffDia__c,PosFullOP__c,PosIntMethod__c,PosLoad__c,PosMinOP__c,SZC__c,VacCMethod__c,VacDir__c,VacEffDia__c,VacFullOP__c,VacIntMethod__c,VacLoad__c,VacMinOP__c,Venting__c
Y,A,Groth,Y,USD,"2"" 1761A",N,6,100,Y,100,Y,1761A,C1,Y,2.07,100,Power,S,20,02,,N,,,,N,,PA
Y,A,Groth,Y,USD,"2"" 1361A Fiberglass",N,6,30,N,100,N,1361A Fiberglass,,N,,,,N,,02,C1,Y,2.07,100,Power,S,20,FV
N,A,Groth,Y,USD,"2"" 1222B Fiberglass",N,0,30,N,100,N,1222B Fiberglass,C3,Y,2.07,100,Power,F,10,02,C1,Y,2.07,100,Power,S,20,PA
Y,A,Groth,Y,USD,"2"" 1660A",N,6,30,Y,10,Y,1660A,NA,Y,2.07,10,Linear,P,10,02,,N,,,,N,,PA
Y,A,Groth,Y,USD,"2"" 2300-FA1",Y,2,30,Y,100,N,2300-FA1,C3,Y,2.07,100,Power,W,50,02,,N,,,,N,,FV
N,A,LVA,Y,USD,"2"" 1222B",N,0,100,Y,100,Y,1222B,C3,Y,2.07,100,Power,W,10,02,C1,Y,2.07,100,Power,S,20,PA
Y,A,LVA,Y,USD,"2"" 1761A",N,6,100,Y,100,Y,1761A,C1,Y,2.07,100,Power,S,20,02,,N,,,,N,,PA
Y,A,Groth,Y,USD,"2"" 2300A",N,6,100,Y,100,N,2300A,C3,Y,2.07,100,Power,W,10,02,,N,,,,N,,FV
Y,A,LVA,Y,USD,"2"" 1300A",N,6,100,Y,100,Y,1300A,,N,,,,N,,02,C3,Y,2.07,100,Power,W,10,FV
Y,A,LVA,Y,USD,"2"" 1201B",N,6,100,Y,100,Y,1201B,C1,Y,2.07,100,Power,S,20,02,C3,Y,2.07,100,Power,W,10,FV
Y,A,LVA,Y,USD,"2"" 1361A",N,6,100,Y,100,Y,1361A,,N,,,,N,,02,C1,Y,2.07,100,Power,S,20,FV
Y,A,Groth,Y,USD,"2"" 1721B",N,6,100,Y,100,Y,1721B,C1,Y,2.07,100,Power,S,20,02,C3,Y,2.07,100,Power,W,10,PA
Y,A,Groth,Y,USD,"2"" 1202-FA1",Y,2,30,Y,100,N,1202-FA1,C3,Y,2.07,100,Linear,W,50,02,C1,Y,2.07,100,Power,S,50,FV
Y,A,LVA,Y,USD,"2"" 1760A",N,6,100,Y,100,Y,1760A,C3,Y,2.07,100,Linear,W,10,02,,N,,,,N,,PA
N,A,Groth,Y,USD,"2"" 1760A/7618",Y,0,30,Y,100,N,1760A/7618,C3,Y,2.07,100,Linear,W,50,02,,N,,,,N,,PA
N,A,Groth,Y,USD,"2"" 8821A",Y,0,30,Y,100,N,8821A,C1,Y,2.07,100,Power,S,50,02,C3,Y,2.07,100,Linear,W,50,PA
N,A,LVA,Y,USD,"2"" 1223A",N,0,100,Y,100,Y,1223A,C1,Y,2.07,100,Power,S,20,02,C1,Y,2.07,100,Power,S,20,PA
Y,A,Groth,Y,USD,"2"" 1760A",N,6,100,Y,100,Y,1760A,C3,Y,2.07,100,Linear,W,10,02,,N,,,,N,,PA
Y,A,LVA,Y,USD,"2"" 2301A",N,6,100,Y,100,N,2301A,C1,Y,2.07,100,Power,S,20,02,,N,,,,N,,FV
N,A,Groth,Y,USD,"2"" 2301A/7618",Y,0,30,Y,100,N,2301A/7618,C1,Y,2.07,100,Power,S,50,02,,N,,,,N,,FV
Y,A,Groth,Y,USD,"2"" 14ETPW0",N,6,30,Y,10,Y,14ETPW0,NA,Y,2.067,10,Linear,P,10,02,NA,Y,2.067,10,Linear,W,10,FV
Y,A,Groth,Y,USD,"2"" 14FTPW0",N,6,30,Y,10,Y,14FTPW0,NA,Y,2.067,10,Linear,P,10,02,NA,Y,2.067,10,Linear,W,10,PA
Y,A,Groth,Y,USD,"2"" 14ETP00",N,6,30,Y,10,Y,14ETP00,NA,Y,2.067,10,Linear,P,10,02,,N,,,,N,,FV
Y,A,Groth,Y,USD,"2"" 14FTP00",N,6,30,Y,10,Y,14FTP00,NA,Y,2.067,10,Linear,P,10,02,,N,,,,N,,PA
Y,A,Groth-Future,Y,USD,"2"" 12ETWW0",N,6,30,Y,10,Y,12ETWW0,NA,Y,2.067,10,Linear,W,10,02,NA,Y,2.067,10,Linear,W,10,FV
Y,A,Groth-Future,Y,USD,"2"" 12FTWW0",N,6,30,Y,10,Y,12FTWW0,NA,Y,2.067,10,Linear,W,10,02,NA,Y,2.067,10,Linear,W,10,PA
Y,A,Groth-Future,Y,USD,"2"" 12FTW00",N,6,30,Y,10,Y,12FTW00,NA,Y,2.067,10,Linear,W,10,02,,N,,,,N,,PA
Y,A,Groth-Future,Y,USD,"2"" 13TT0W0",N,6,30,Y,10,Y,13TT0W0,,N,,,,N,,02,NA,Y,2.067,10,Linear,W,10,FV
Y,A,Groth-Future,Y,USD,"2"" 13ST0W0",N,6,30,Y,10,Y,13ST0W0,,N,,,,N,,02,NA,Y,2.067,10,Linear,W,10,FV
Y,A,Groth-Future,Y,USD,"2"" 17FTWW0",N,6,30,Y,10,Y,17FTWW0,NA,Y,2.067,10,Linear,W,10,02,NA,Y,2.067,10,Linear,W,10,PA
Y,A,Groth-Future,Y,USD,"2"" 17FTW00",N,6,30,Y,10,Y,17FTW00,NA,Y,2.067,10,Linear,W,10,02,,N,,,,N,,PA
Y,A,Groth-Future,Y,USD,"2"" 23ETW00",N,6,30,Y,10,N,23ETW00,NA,Y,2.067,10,Linear,W,10,02,,N,,,,N,,FV
N,A,Groth-Future,Y,USD,"2"" 88EHWWD",Y,0,30,Y,100,N,88EHWWD,88EHWWD:02:06:Pos,Y,2.067,100,Linear,W,50,02,88EHWWD:02:06:Vac,Y,2.067,100,Linear,W,50,FV
N,A,Groth-Future,Y,USD,"2"" 88FHWWD",Y,0,30,Y,100,N,88FHWWD,88FHWWD:02:06:Pos,Y,2.067,100,Linear,W,50,02,88FHWWD:02:06:Vac,Y,2.067,100,Linear,W,50,PA
Y,A,Groth-Future,Y,USD,"2"" 12ETSW0",N,6,30,Y,10,Y,12ETSW0,NA,Y,2.067,10,Power,S,10,02,NA,Y,2.067,10,Linear,W,10,FV
Y,A,Groth-Future,Y,USD,"2"" 12ETWS0",N,6,30,Y,10,Y,12ETWS0,NA,Y,2.067,10,Linear,W,10,02,NA,Y,2.067,10,Power,S,10,FV
Y,A,Groth-Future,Y,USD,"2"" 12ETSS0",N,6,30,Y,10,Y,12ETSS0,NA,Y,2.067,10,Power,S,10,02,NA,Y,2.067,10,Power,S,10,FV
Y,A,Groth-Future,Y,USD,"2"" 12FTSW0",N,6,30,Y,10,Y,12FTSW0,NA,Y,2.067,10,Power,S,10,02,NA,Y,2.067,10,Linear,W,10,PA
Y,A,Groth-Future,Y,USD,"2"" 12FTWS0",N,6,30,Y,10,Y,12FTWS0,NA,Y,2.067,10,Linear,W,10,02,NA,Y,2.067,10,Power,S,10,PA
Y,A,Groth-Future,Y,USD,"2"" 12FTSS0",N,6,30,Y,10,Y,12FTSS0,NA,Y,2.067,10,Power,S,10,02,NA,Y,2.067,10,Power,S,10,PA
Y,A,Groth-Future,Y,USD,"2"" 12FTS00",N,6,30,Y,10,Y,12FTS00,NA,Y,2.067,10,Power,S,10,02,,N,,, ,N,,PA
Y,A,Groth-Future,Y,USD,"2"" 13TT0S0",N,6,30,Y,10,Y,13TT0S0,,N,,,Power,N,10,02,NA,Y,2.067,10,Power,S,10,FV
Y,A,Groth-Future,Y,USD,"2"" 13ST0S0",N,6,30,Y,10,Y,13ST0S0,,N,,, ,N,,02,NA,Y,2.067,10,Power,S,10,FV
Y,A,Groth-Future,Y,USD,"2"" 23ETS00",N,6,30,Y,10,N,23ETS00,NA,Y,2.067,10,Power,S,10,02,,N,,, ,N,,FV
Y,A,Groth-Future,Y,USD,"2"" 12FTSW0",N,6,30,Y,10,Y,17FTSW0,NA,Y,2.067,10,Power,S,10,02,NA,Y,2.067,10,Linear,W,10,PA
Y,A,Groth-Future,Y,USD,"2"" 12FTWS0",N,6,30,Y,10,Y,17FTWS0,NA,Y,2.067,10,Linear,W,10,02,NA,Y,2.067,10,Power,S,10,PA
Y,A,Groth-Future,Y,USD,"2"" 17FTSS0",N,6,30,Y,10,Y,17FTSS0,NA,Y,2.067,10,Power,S,10,02,NA,Y,2.067,10,Power,S,10,PA
Y,A,Groth-Future,Y,USD,"2"" 12FTS00",N,6,30,Y,10,Y,17FTS00,NA,Y,2.067,10,Power,S,10,02,,N,,, ,N,,PA
Y,A,LVA,Y,USD,"2"" 1200A",N,6,100,Y,100,Y,1200A,C3,Y,2.07,100,Power,W,10,02,C3,Y,2.07,100,Power,W,10,FV
N,A,Groth,Y,USD,"2"" 1301A/7618",Y,0,30,Y,100,N,1301A/7618,,N,,,,N,,02,C1,Y,2.07,100,Power,S,50,FV
N,A,Groth,Y,USD,"2"" 1203A",N,0,100,Y,100,Y,1203A,C1,Y,2.07,100,Power,S,20,02,C1,Y,2.07,100,Power,S,20,FV
N,A,Groth,Y,USD,"2"" 8800A",Y,0,30,Y,100,N,8800A,C3,Y,2.07,100,Linear,W,50,02,C3,Y,2.07,100,Linear,W,50,FV
Y,A,Groth,Y,USD,"2"" 1200A Fiberglass",N,6,30,N,100,N,1200A Fiberglass,C3,Y,2.07,100,Power,F,10,02,C3,Y,2.07,100,Power,F,10,FV
N,A,Groth,Y,USD,"2"" 8822A",Y,0,30,Y,100,N,8822A,C3,Y,2.07,100,Linear,W,50,02,C1,Y,2.07,100,Power,S,50,PA
N,A,Groth,Y,USD,"2"" 8803A",Y,0,30,Y,100,N,8803A,C1,Y,2.07,100,Power,S,50,02,C1,Y,2.07,100,Power,S,50,FV
Y,A,Groth,Y,USD,"2"" 2301A Fiberglass",N,6,30,N,100,N,2301A Fiberglass,C1,Y,2.07,100,Power,S,20,02,,N,,,,N,,FV
Y,A,Groth,Y,USD,"2"" 1300-FA1",Y,2,30,Y,100,N,1300-FA1,,N,,,,N,,02,C3,Y,2.07,100,Linear,W,50,FV
Y,A,Groth,Y,USD,"2"" 1261A",N,6,100,Y,100,Y,1261A,C1,Y,2.07,100,Power,S,20,02,,N,,,,N,,PA
Y,A,Groth,Y,USD,"2"" 1760A Fiberglass",N,6,30,N,100,N,1760A Fiberglass,C3,Y,2.07,100,Linear,F,10,02,,N,,,,N,,PA
Y,A,Groth,Y,USD,"2"" 1300A",N,6,100,Y,100,Y,1300A,,N,,,,N,,02,C3,Y,2.07,100,Power,W,10,FV
Y,A,LVA,Y,USD,"2"" 1220A",N,6,100,Y,100,Y,1220A,C3,Y,2.07,100,Power,W,10,02,C3,Y,2.07,100,Power,W,10,PA
Y,A,Groth,Y,USD,"2"" 1260A",N,6,100,Y,100,Y,1260A,C3,Y,2.07,100,Power,W,10,02,,N,,,,N,,PA
Y,A,Groth,Y,USD,"2"" 1721B Fiberglass",N,6,30,N,100,N,1721B Fiberglass,C1,Y,2.07,100,Power,S,20,02,C3,Y,2.07,100,Power,F,10,PA
Y,A,Groth,Y,USD,"2"" 1722B",N,6,100,Y,100,Y,1722B,C3,Y,2.07,100,Linear,W,10,02,C1,Y,2.07,100,Power,S,20,PA
Y,A,Groth,Y,USD,"2"" 1430",N,6,30,Y,10,Y,1430,NA,Y,2.07,10,Linear,P,10,02,,N,,,,N,,FV
N,A,Groth,Y,USD,"2"" 8823A",Y,0,30,Y,100,N,8823A,C1,Y,2.07,100,Power,S,50,02,C1,Y,2.07,100,Power,S,50,PA
Y,A,Groth,Y,USD,"2"" 1203-FA1",Y,2,30,Y,100,N,1203-FA1,C1,Y,2.07,100,Power,S,50,02,C1,Y,2.07,100,Power,S,50,FV
Y,A,Groth,Y,USD,"2"" 1360-FA1",Y,2,30,Y,100,N,1360-FA1,,N,,,,N,,02,C3,Y,2.07,100,Power,W,50,FV
Y,A,Groth,Y,USD,"2"" 1200-FA1",Y,2,30,Y,100,N,1200-FA1,C3,Y,2.07,100,Linear,W,50,02,C3,Y,2.07,100,Linear,W,50,FV
Y,A,LVA,Y,USD,"2"" 1221B",N,6,100,Y,100,Y,1221B,C1,Y,2.07,100,Power,S,20,02,C3,Y,2.07,100,Power,W,10,PA
Y,A,LVA,Y,USD,"2"" 1260A",N,6,100,Y,100,Y,1260A,C3,Y,2.07,100,Power,W,10,02,,N,,,,N,,PA
Y,A,Groth,Y,USD,"2"" 1420",N,6,30,Y,100,Y,1420,NA,Y,2.07,10,Linear,P,10,02,C3,Y,2.07,100,Power,W,10,PA
Y,A,Groth,Y,USD,"2"" 1301A",N,6,100,Y,100,Y,1301A,,N,,,,N,,02,C1,Y,2.07,100,Power,S,20,FV
Y,A,Groth,Y,USD,"2"" 1201-FA1",Y,2,30,Y,100,N,1201-FA1,C1,Y,2.07,100,Power,S,50,02,C3,Y,2.07,100,Linear,W,50,FV
N,A,LVA,Y,USD,"2"" 1202B",N,0,100,Y,100,Y,1202B,C3,Y,2.07,100,Power,W,10,02,C1,Y,2.07,100,Power,S,20,FV
N,A,Groth,Y,USD,"2"" 8820A",Y,0,30,Y,100,N,8820A,C3,Y,2.07,100,Linear,W,50,02,C3,Y,2.07,100,Linear,W,50,PA
Y,A,Groth,Y,USD,"2"" 1300A Fiberglass",N,6,30,N,100,N,1300A Fiberglass,,N,,,,N,,02,C3,Y,2.07,100,Power,F,10,FV
Y,A,Groth,Y,USD,"2"" 1201B",N,6,100,Y,100,Y,1201B,C1,Y,2.07,100,Power,S,20,02,C3,Y,2.07,100,Power,W,10,FV
N,A,Groth,Y,USD,"2"" 1720A/7618",Y,0,30,Y,100,N,1720A/7618,C3,Y,2.07,100,Linear,W,50,02,C3,Y,2.07,100,Linear,W,50,PA
Y,A,Groth,Y,USD,"2"" 1221B",N,6,100,Y,100,Y,1221B,C1,Y,2.07,100,Power,S,20,02,C3,Y,2.07,100,Power,W,10,PA
Y,A,Groth,Y,USD,"2"" 2301A",N,6,100,Y,100,N,2301A,C1,Y,2.07,100,Power,S,20,02,,N,,,,N,,FV
N,A,Groth,Y,USD,"2"" 8801A",Y,0,30,Y,100,N,8801A,C1,Y,2.07,100,Power,S,50,02,C3,Y,2.07,100,Linear,W,50,FV
Y,A,Groth,Y,USD,"2"" 1301A Fiberglass",N,6,30,N,100,N,1301A Fiberglass,,N,,,,N,,02,C1,Y,2.07,100,Power,S,20,FV
N,A,Groth,Y,USD,"2"" 1202B Fiberglass",N,0,30,N,100,N,1202B Fiberglass,C3,Y,2.07,100,Power,F,10,02,C1,Y,2.07,100,Power,S,20,FV
Y,A,Groth,Y,USD,"2"" 1720A",N,6,100,Y,100,Y,1720A,C3,Y,2.07,100,Linear,W,10,02,C3,Y,2.07,100,Power,W,10,PA
N,A,Groth,Y,USD,"2"" 1222B",N,0,100,Y,100,Y,1222B,C3,Y,2.07,100,Power,W,10,02,C1,Y,2.07,100,Power,S,20,PA
Y,A,Groth,Y,USD,"2"" 1301-FA1",Y,2,30,Y,100,N,1301-FA1,,N,,,,N,,02,C1,Y,2.07,100,Power,S,50,FV
Y,A,Groth,Y,USD,"2"" 1200A",N,6,100,Y,100,Y,1200A,C3,Y,2.07,100,Power,W,10,02,C3,Y,2.07,100,Power,W,10,FV
N,A,Groth,Y,USD,"2"" 8802A",Y,0,30,Y,100,N,8802A,C3,Y,2.07,100,Linear,W,50,02,C1,Y,2.07,100,Power,S,50,FV
Y,A,Groth,Y,USD,"2"" 1361A",N,6,100,Y,100,Y,1361A,,N,,,,N,,02,C1,Y,2.07,100,Power,S,20,FV
N,A,LVA,Y,USD,"2"" 1203A",N,0,100,Y,100,Y,1203A,C1,Y,2.07,100,Power,S,20,02,C1,Y,2.07,100,Power,S,20,FV
Y,A,LVA,Y,USD,"2"" 1720A",N,6,100,Y,100,Y,1720A,C3,Y,2.07,100,Linear,W,10,02,C3,Y,2.07,100,Power,W,10,PA
N,A,Groth,Y,USD,"2"" 1260A/7618",Y,0,30,Y,100,N,1260A/7618,C3,Y,2.07,100,Linear,W,50,02,,N,,,,N,,PA
Y,A,Groth,Y,USD,"2"" 1220A",N,6,100,Y,100,Y,1220A,C3,Y,2.07,100,Power,W,10,02,C3,Y,2.07,100,Power,W,10,PA
Y,A,Groth,Y,USD,"2"" 1400",N,6,30,Y,100,Y,1400,NA,Y,2.07,10,Linear,P,10,02,C3,Y,2.07,100,Power,W,10,FV
N,A,Groth,Y,USD,"2"" 1300A/7618",Y,0,30,Y,100,N,1300A/7618,,N,,,,N,,02,C3,Y,2.07,100,Linear,W,50,FV
Y,A,LVA,Y,USD,"2"" 1721B",N,6,100,Y,100,Y,1721B,C1,Y,2.07,100,Power,S,20,02,C3,Y,2.07,100,Power,W,10,PA
Y,A,LVA,Y,USD,"2"" 1723A",N,6,100,Y,100,Y,1723A,C1,Y,2.07,100,Power,S,20,02,C1,Y,2.07,100,Power,S,20,PA
Y,A,Groth,Y,USD,"2"" 1360A Fiberglass",N,6,30,N,100,N,1360A Fiberglass,,N,,,,N,,02,C3,Y,2.07,100,Power,F,10,FV
Y,A,Groth,Y,USD,"2"" 1261A Fiberglass",N,6,30,N,100,N,1261A Fiberglass,C1,Y,2.07,100,Power,S,20,02,,N,,,,N,,PA
Y,A,LVA,Y,USD,"2"" 1261A",N,6,100,Y,100,Y,1261A,C1,Y,2.07,100,Power,S,20,02,,N,,,,N,,PA
Y,A,Groth,Y,USD,"2"" 1360A",N,6,100,Y,100,Y,1360A,,N,,,,N,,02,C3,Y,2.07,100,Power,W,10,FV
Y,A,Groth,Y,USD,"2"" 1723A",N,6,100,Y,100,Y,1723A,C1,Y,2.07,100,Power,S,20,02,C1,Y,2.07,100,Power,S,20,PA
Y,A,Groth,Y,USD,"2"" 1761A Fiberglass",N,6,30,N,100,N,1761A Fiberglass,C1,Y,2.07,100,Power,S,20,02,,N,,,,N,,PA
Y,A,LVA,Y,USD,"2"" 1360A",N,6,100,Y,100,Y,1360A,,N,,,,N,,02,C3,Y,2.07,100,Power,W,10,FV
N,A,Groth,Y,USD,"2"" 1223A Fiberglass",N,0,30,N,100,N,1223A Fiberglass,C1,Y,2.07,100,Power,S,20,02,C1,Y,2.07,100,Power,S,20,PA
Y,A,Groth,Y,USD,"2"" 1723A Fiberglass",N,6,30,N,100,N,1723A Fiberglass,C1,Y,2.07,100,Power,S,20,02,C1,Y,2.07,100,Power,S,20,PA
Y,A,LVA,Y,USD,"2"" 1722B",N,6,100,Y,100,Y,1722B,C3,Y,2.07,100,Linear,W,10,02,C1,Y,2.07,100,Power,S,20,PA
N,A,Groth,Y,USD,"2"" 1261A/7618",Y,0,30,Y,100,N,1261A/7618,C1,Y,2.07,100,Power,S,50,02,,N,,,,N,,PA
Y,A,Groth,Y,USD,"2"" 1220A Fiberglass",N,6,30,N,100,N,1220A Fiberglass,C3,Y,2.07,100,Power,F,10,02,C3,Y,2.07,100,Power,F,10,PA
N,A,Groth,Y,USD,"2"" 1202B",N,0,100,Y,100,Y,1202B,C3,Y,2.07,100,Power,W,10,02,C1,Y,2.07,100,Power,S,20,FV
Y,A,LVA,Y,USD,"2"" 2300A",N,6,100,Y,100,N,2300A,C3,Y,2.07,100,Power,W,10,02,,N,,,,N,,FV
Y,A,Groth,Y,USD,"2"" 1720A Fiberglass",N,6,30,N,100,N,1720A Fiberglass,C3,Y,2.07,100,Linear,F,10,02,C3,Y,2.07,100,Power,F,10,PA
Y,A,Groth,Y,USD,"2"" 1722B Fiberglass",N,6,30,N,100,N,1722B Fiberglass,C3,Y,2.07,100,Linear,F,10,02,C1,Y,2.07,100,Power,S,20,PA
Y,A,Groth,Y,USD,"2"" 2300A Fiberglass",N,6,30,N,100,N,2300A Fiberglass,C3,Y,2.07,100,Power,F,10,02,,N,,,,N,,FV
N,A,Groth,Y,USD,"2"" 1203A Fiberglass",N,0,30,N,100,N,1203A Fiberglass,C1,Y,2.07,100,Power,S,20,02,C1,Y,2.07,100,Power,S,20,FV
Y,A,Groth,Y,USD,"2"" 1201B Fiberglass",N,6,30,N,100,N,1201B Fiberglass,C1,Y,2.07,100,Power,S,20,02,C3,Y,2.07,100,Power,F,10,FV
Y,A,Groth,Y,USD,"2"" 1460",N,6,30,Y,10,Y,1460,NA,Y,2.07,10,Linear,P,10,02,,N,,,,N,,PA
N,A,Groth,Y,USD,"2"" 2300A/7618",Y,0,30,Y,100,N,2300A/7618,C3,Y,2.07,100,Power,W,50,02,,N,,,,N,,FV
Y,A,Groth,Y,USD,"2"" 1221B Fiberglass",N,6,30,N,100,N,1221B Fiberglass,C1,Y,2.07,100,Power,S,20,02,C3,Y,2.07,100,Power,F,10,PA
Y,A,Groth,Y,USD,"2"" 1361-FA1",Y,2,30,Y,100,N,1361-FA1,,N,,,,N,,02,C1,Y,2.07,100,Power,S,50,FV
Y,A,Groth,Y,USD,"2"" 1260A Fiberglass",N,6,30,N,100,N,1260A Fiberglass,C3,Y,2.07,100,Power,F,10,02,,N,,,,N,,PA
N,A,Groth,Y,USD,"2"" 1223A",N,0,100,Y,100,Y,1223A,C1,Y,2.07,100,Power,S,20,02,C1,Y,2.07,100,Power,S,20,PA
Y,A,LVA,Y,USD,"2"" 1301A",N,6,100,Y,100,Y,1301A,,N,,,,N,,02,C1,Y,2.07,100,Power,S,20,FV
Y,A,Groth,Y,USD,"2"" 1662A",N,6,30,Y,10,Y,1662A,,N,,,,N,,02,NA,Y,2.07,10,Linear,P,10,PA
Y,A,Groth,Y,USD,"2"" 2301-FA1",Y,2,30,Y,100,N,2301-FA1,C1,Y,2.07,100,Power,S,50,02,,N,,,,N,,FV
Y,A,Groth,Y,USD,"3"" 1300A Fiberglass",N,6,30,N,100,N,1300A Fiberglass,,N,,,,N,,03,C3,Y,3.06,100,Power,F,10,FV
Y,A,Groth,Y,USD,"3"" 1260A Fiberglass",N,6,30,N,100,N,1260A Fiberglass,C3,Y,3.06,100,Power,F,10,03,,N,,,,N,,PA
Y,A,Groth,Y,USD,"3"" 1300A",N,6,100,Y,100,Y,1300A,,N,,,,N,,03,C3,Y,3.06,100,Power,W,10,FV
Y,A,Groth,Y,USD,"3"" 1660A",N,6,30,Y,10,Y,1660A,NA,Y,3.06,10,Linear,P,10,03,,N,,,,N,,PA
N,A,LVA,Y,USD,"3"" 1222B",N,0,100,Y,100,Y,1222B,C3,Y,3.06,100,Power,W,10,03,C1,Y,3.06,100,Power,S,20,PA
N,A,Groth,Y,USD,"3"" 8821A",Y,0,30,Y,100,N,8821A,C1,Y,3.06,100,Power,S,50,03,C3,Y,3.06,100,Linear,W,50,PA
N,A,Groth,Y,USD,"3"" 8822A",Y,0,30,Y,100,N,8822A,C3,Y,3.06,100,Linear,W,50,03,C1,Y,3.06,100,Power,S,50,PA
Y,A,Groth,Y,USD,"3"" 1261A",N,6,100,Y,100,Y,1261A,C1,Y,3.06,100,Power,S,20,03,,N,,,,N,,PA
Y,A,LVA,Y,USD,"3"" 1361A",N,6,100,Y,100,Y,1361A,,N,,,,N,,03,C1,Y,2.07,100,Power,S,20,FV
N,A,Groth,Y,USD,"3"" 1222B Fiberglass",N,0,30,N,100,N,1222B Fiberglass,C3,Y,3.06,100,Power,F,10,03,C1,Y,3.06,100,Power,S,20,PA
Y,A,Groth,Y,USD,"3"" 1260A",N,6,100,Y,100,Y,1260A,C3,Y,3.06,100,Power,W,10,03,,N,,,,N,,PA
Y,A,LVA,Y,USD,"3"" 1300A",N,6,100,Y,100,Y,1300A,,N,,,,N,,03,C3,Y,3.06,100,Power,W,10,FV
N,A,Groth,Y,USD,"3"" 2301A/7618",Y,0,30,Y,100,N,2301A/7618,C1,Y,3.06,100,Power,S,50,03,,N,,,,N,,FV
Y,A,Groth,Y,USD,"3"" 1760A Fiberglass",N,6,30,N,100,N,1760A Fiberglass,C3,Y,3.06,100,Linear,F,10,03,,N,,,,N,,PA
Y,A,Groth,Y,USD,"3"" 2300-FA1",Y,2,30,Y,100,N,2300-FA1,C3,Y,3.06,100,Power,W,50,03,,N,,,,N,,FV
N,A,Groth,Y,USD,"3"" 8800A",Y,0,30,Y,100,N,8800A,C3,Y,3.06,100,Linear,W,50,03,C3,Y,3.06,100,Linear,W,50,FV
Y,A,LVA,Y,USD,"3"" 2301A",N,6,100,Y,100,N,2301A,C1,Y,3.06,100,Power,S,20,03,,N,,,,N,,FV
Y,A,Groth,Y,USD,"3"" 1203-FA1",Y,2,30,Y,100,N,1203-FA1,C1,Y,3.06,100,Power,S,50,03,C1,Y,3.06,100,Power,S,50,FV
Y,A,Groth,Y,USD,"3"" 1721B",N,6,100,Y,100,Y,1721B,C1,Y,3.06,100,Power,S,20,03,C3,Y,3.06,100,Power,W,10,PA
Y,A,Groth,Y,USD,"3"" 2301A Fiberglass",N,6,30,N,100,N,2301A Fiberglass,C1,Y,3.06,100,Power,S,20,03,,N,,,,N,,FV
Y,A,LVA,Y,USD,"3"" 1760A",N,6,100,Y,100,Y,1760A,C3,Y,3.06,100,Linear,W,10,03,,N,,,,N,,PA
Y,A,Groth,Y,USD,"3"" 14ETPW0",N,6,30,Y,10,Y,14ETPW0,NA,Y,3.068,10,Linear,P,10,03,NA,Y,3.068,10,Linear,W,10,FV
Y,A,Groth,Y,USD,"3"" 14FTPW0",N,6,30,Y,10,Y,14FTPW0,NA,Y,3.068,10,Linear,P,10,03,NA,Y,3.068,10,Linear,W,10,PA
Y,A,Groth,Y,USD,"3"" 14ETP00",N,6,30,Y,10,Y,14ETP00,NA,Y,3.068,10,Linear,P,10,03,,N,,,,N,,FV
Y,A,Groth,Y,USD,"3"" 14FTP00",N,6,30,Y,10,Y,14FTP00,NA,Y,3.068,10,Linear,P,10,03,,N,,,,N,,PA
Y,A,Groth-Future,Y,USD,"3"" 12ETWW0",N,6,30,Y,10,Y,12ETWW0,NA,Y,3.068,10,Linear,W,10,03,NA,Y,3.068,10,Linear,W,10,FV
Y,A,Groth-Future,Y,USD,"3"" 12FTWW0",N,6,30,Y,10,Y,12FTWW0,NA,Y,3.068,10,Linear,W,10,03,NA,Y,3.068,10,Linear,W,10,PA
Y,A,Groth-Future,Y,USD,"3"" 12FTW00",N,6,30,Y,10,Y,12FTW00,NA,Y,3.068,10,Linear,W,10,03,,N,,,,N,,PA
Y,A,Groth-Future,Y,USD,"3"" 13TT0W0",N,6,30,Y,10,Y,13TT0W0,,N,,,,N,,03,NA,Y,3.068,10,Linear,W,10,FV
Y,A,Groth-Future,Y,USD,"3"" 13ST0W0",N,6,30,Y,10,Y,13ST0W0,,N,,,,N,,03,NA,Y,3.068,10,Linear,W,10,FV
Y,A,Groth-Future,Y,USD,"3"" 17FTWW0",N,6,30,Y,10,Y,17FTWW0,NA,Y,3.068,10,Linear,W,10,03,NA,Y,3.068,10,Linear,W,10,PA
Y,A,Groth-Future,Y,USD,"3"" 17FTW00",N,6,30,Y,10,Y,17FTW00,NA,Y,3.068,10,Linear,W,10,03,,N,,,,N,,PA
Y,A,Groth-Future,Y,USD,"3"" 23ETW00",N,6,30,Y,10,N,23ETW00,NA,Y,3.068,10,Linear,W,10,03,,N,,,,N,,FV
N,A,Groth-Future,Y,USD,"3"" 88EHWWD",Y,0,30,Y,100,N,88EHWWD,88EHWWD:03:08:Pos,Y,3.068,100,Linear,W,50,03,88EHWWD:03:08:Vac,Y,3.068,100,Linear,W,50,FV
N,A,Groth-Future,Y,USD,"3"" 88FHWWD",Y,0,30,Y,100,N,88FHWWD,88FHWWD:03:08:Pos,Y,3.068,100,Linear,W,50,03,88FHWWD:03:08:Vac,Y,3.068,100,Linear,W,50,PA
Y,A,Groth-Future,Y,USD,"3"" 12ETSW0",N,6,30,Y,10,Y,12ETSW0,NA,Y,3.068,10,Power,S,10,03,NA,Y,3.068,10,Linear,W,10,FV
Y,A,Groth-Future,Y,USD,"3"" 12ETWS0",N,6,30,Y,10,Y,12ETWS0,NA,Y,3.068,10,Linear,W,10,03,NA,Y,3.068,10,Power,S,10,FV
Y,A,Groth-Future,Y,USD,"3"" 12ETSS0",N,6,30,Y,10,Y,12ETSS0,NA,Y,3.068,10,Power,S,10,03,NA,Y,3.068,10,Power,S,10,FV
Y,A,Groth-Future,Y,USD,"3"" 12FTSW0",N,6,30,Y,10,Y,12FTSW0,NA,Y,3.068,10,Power,S,10,03,NA,Y,3.068,10,Linear,W,10,PA
Y,A,Groth-Future,Y,USD,"3"" 12FTWS0",N,6,30,Y,10,Y,12FTWS0,NA,Y,3.068,10,Linear,W,10,03,NA,Y,3.068,10,Power,S,10,PA
Y,A,Groth-Future,Y,USD,"3"" 12FTSS0",N,6,30,Y,10,Y,12FTSS0,NA,Y,3.068,10,Power,S,10,03,NA,Y,3.068,10,Power,S,10,PA
Y,A,Groth-Future,Y,USD,"3"" 12FTS00",N,6,30,Y,10,Y,12FTS00,NA,Y,3.068,10,Power,S,10,03,,N,,, ,N,,PA
Y,A,Groth-Future,Y,USD,"3"" 13TT0S0",N,6,30,Y,10,Y,13TT0S0,,N,,,Power,N,10,03,NA,Y,3.068,10,Power,S,10,FV
Y,A,Groth-Future,Y,USD,"3"" 13ST0S0",N,6,30,Y,10,Y,13ST0S0,,N,,, ,N,,03,NA,Y,3.068,10,Power,S,10,FV
Y,A,Groth-Future,Y,USD,"3"" 23ETS00",N,6,30,Y,10,N,23ETS00,NA,Y,3.068,10,Power,S,10,03,,N,,, ,N,,FV
Y,A,Groth-Future,Y,USD,"3"" 12FTSW0",N,6,30,Y,10,Y,17FTSW0,NA,Y,3.068,10,Power,S,10,03,NA,Y,3.068,10,Linear,W,10,PA
Y,A,Groth-Future,Y,USD,"3"" 12FTWS0",N,6,30,Y,10,Y,17FTWS0,NA,Y,3.068,10,Linear,W,10,03,NA,Y,3.068,10,Power,S,10,PA
Y,A,Groth-Future,Y,USD,"3"" 17FTSS0",N,6,30,Y,10,Y,17FTSS0,NA,Y,3.068,10,Power,S,10,03,NA,Y,3.068,10,Power,S,10,PA
Y,A,Groth-Future,Y,USD,"3"" 12FTS00",N,6,30,Y,10,Y,17FTS00,NA,Y,3.068,10,Power,S,10,03,,N,,, ,N,,PA
N,A,Groth,Y,USD,"3"" 2300A/7618",Y,0,30,Y,100,N,2300A/7618,C3,Y,3.06,100,Power,W,50,03,,N,,,,N,,FV
Y,A,LVA,Y,USD,"3"" 1261A",N,6,100,Y,100,Y,1261A,C1,Y,3.06,100,Power,S,20,03,,N,,,,N,,PA
Y,A,LVA,Y,USD,"3"" 1761A",N,6,100,Y,100,Y,1761A,C1,Y,3.06,100,Power,S,20,03,,N,,,,N,,PA
Y,A,Groth,Y,USD,"3"" 1360A Fiberglass",N,6,30,N,100,N,1360A Fiberglass,,N,,,,N,,03,C3,Y,2.07,100,Power,F,10,FV
N,A,Groth,Y,USD,"3"" 8803A",Y,0,30,Y,100,N,8803A,C1,Y,3.06,100,Power,S,50,03,C1,Y,3.06,100,Power,S,50,FV
Y,A,LVA,Y,USD,"3"" 1201B",N,6,100,Y,100,Y,1201B,C1,Y,3.06,100,Power,S,20,03,C3,Y,3.06,100,Power,W,10,FV
N,A,Groth,Y,USD,"3"" 1720A/7618",Y,0,30,Y,100,N,1720A/7618,C3,Y,3.06,100,Linear,W,50,03,C3,Y,3.06,100,Linear,W,50,PA
Y,A,Groth,Y,USD,"3"" 1300-FA1",Y,2,30,Y,100,N,1300-FA1,,N,,,,N,,03,C3,Y,3.06,100,Linear,W,50,FV
Y,A,Groth,Y,USD,"3"" 1723A Fiberglass",N,6,30,N,100,N,1723A Fiberglass,C1,Y,3.06,100,Power,S,20,03,C1,Y,3.06,100,Power,S,20,PA
Y,A,Groth,Y,USD,"3"" 1361A Fiberglass",N,6,30,N,100,N,1361A Fiberglass,,N,,,,N,,03,C1,Y,2.07,100,Power,S,20,FV
N,A,Groth,Y,USD,"3"" 1301A/7618",Y,0,30,Y,100,N,1301A/7618,,N,,,,N,,03,C1,Y,3.06,100,Power,S,50,FV
Y,A,LVA,Y,USD,"3"" 1220A",N,6,100,Y,100,Y,1220A,C3,Y,3.06,100,Power,W,10,03,C3,Y,3.06,100,Power,W,10,PA
N,A,LVA,Y,USD,"3"" 1223A",N,0,100,Y,100,Y,1223A,C1,Y,3.06,100,Power,S,20,03,C1,Y,3.06,100,Power,S,20,PA
Y,A,Groth,Y,USD,"3"" 1301-FA1",Y,2,30,Y,100,N,1301-FA1,,N,,,,N,,03,C1,Y,3.06,100,Power,S,50,FV
Y,A,Groth,Y,USD,"3"" 1360-FA1",Y,2,30,Y,100,N,1360-FA1,,N,,,,N,,03,C3,Y,2.07,100,Power,W,50,FV
Y,A,Groth,Y,USD,"3"" 2300A",N,6,100,Y,100,N,2300A,C3,Y,3.06,100,Power,W,10,03,,N,,,,N,,FV
Y,A,Groth,Y,USD,"3"" 1760A",N,6,100,Y,100,Y,1760A,C3,Y,3.06,100,Linear,W,10,03,,N,,,,N,,PA
Y,A,Groth,Y,USD,"3"" 1200-FA1",Y,2,30,Y,100,N,1200-FA1,C3,Y,3.06,100,Linear,W,50,03,C3,Y,3.06,100,Linear,W,50,FV
Y,A,Groth,Y,USD,"3"" 1202-FA1",Y,2,30,Y,100,N,1202-FA1,C3,Y,3.06,100,Linear,W,50,03,C1,Y,3.06,100,Power,S,50,FV
Y,A,LVA,Y,USD,"3"" 1301A",N,6,100,Y,100,Y,1301A,,N,,,,N,,03,C1,Y,3.06,100,Power,S,20,FV
Y,A,Groth,Y,USD,"3"" 1201-FA1",Y,2,30,Y,100,N,1201-FA1,C1,Y,3.06,100,Power,S,50,03,C3,Y,3.06,100,Linear,W,50,FV
Y,A,Groth,Y,USD,"3"" 1221B",N,6,100,Y,100,Y,1221B,C1,Y,3.06,100,Power,S,20,03,C3,Y,3.06,100,Power,W,10,PA
N,A,Groth,Y,USD,"3"" 1760A/7618",Y,0,30,Y,100,N,1760A/7618,C3,Y,3.06,100,Linear,W,50,03,,N,,,,N,,PA
Y,A,LVA,Y,USD,"3"" 1260A",N,6,100,Y,100,Y,1260A,C3,Y,3.06,100,Power,W,10,03,,N,,,,N,,PA
Y,A,Groth,Y,USD,"3"" 1721B Fiberglass",N,6,30,N,100,N,1721B Fiberglass,C1,Y,3.06,100,Power,S,20,03,C3,Y,3.06,100,Power,F,10,PA
N,A,Groth,Y,USD,"3"" 8801A",Y,0,30,Y,100,N,8801A,C1,Y,3.06,100,Power,S,50,03,C3,Y,3.06,100,Linear,W,50,FV
Y,A,Groth,Y,USD,"3"" 1722B",N,6,100,Y,100,Y,1722B,C3,Y,3.06,100,Linear,W,10,03,C1,Y,3.06,100,Power,S,20,PA
Y,A,Groth,Y,USD,"3"" 1761A",N,6,100,Y,100,Y,1761A,C1,Y,3.06,100,Power,S,20,03,,N,,,,N,,PA
N,A,LVA,Y,USD,"3"" 1202B",N,0,100,Y,100,Y,1202B,C3,Y,3.06,100,Power,W,10,03,C1,Y,3.06,100,Power,S,20,FV
Y,A,Groth,Y,USD,"3"" 1361-FA1",Y,2,30,Y,100,N,1361-FA1,,N,,,,N,,03,C1,Y,2.07,100,Power,S,50,FV
N,A,Groth,Y,USD,"3"" 1223A",N,0,100,Y,100,Y,1223A,C1,Y,3.06,100,Power,S,20,03,C1,Y,3.06,100,Power,S,20,PA
Y,A,Groth,Y,USD,"3"" 1662A",N,6,30,Y,10,Y,1662A,,N,,,,N,,03,NA,Y,3.06,10,Linear,P,10,PA
Y,A,Groth,Y,USD,"3"" 1430",N,6,30,Y,10,Y,1430,NA,Y,3.06,10,Linear,P,10,03,,N,,,,N,,FV
N,A,Groth,Y,USD,"3"" 8823A",Y,0,30,Y,100,N,8823A,C1,Y,3.06,100,Power,S,50,03,C1,Y,3.06,100,Power,S,50,PA
Y,A,Groth,Y,USD,"3"" 1360A",N,6,100,Y,100,Y,1360A,,N,,,,N,,03,C3,Y,2.07,100,Power,W,10,FV
Y,A,Groth,Y,USD,"3"" 1400",N,6,30,Y,100,Y,1400,NA,Y,3.06,10,Linear,P,10,03,C3,Y,3.06,100,Power,W,10,FV
Y,A,Groth,Y,USD,"3"" 1220A Fiberglass",N,6,30,N,100,N,1220A Fiberglass,C3,Y,3.06,100,Power,F,10,03,C3,Y,3.06,100,Power,F,10,PA
Y,A,Groth,Y,USD,"3"" 1301A Fiberglass",N,6,30,N,100,N,1301A Fiberglass,,N,,,,N,,03,C1,Y,3.06,100,Power,S,20,FV
Y,A,LVA,Y,USD,"3"" 1723A",N,6,100,Y,100,Y,1723A,C1,Y,3.06,100,Power,S,20,03,C1,Y,3.06,100,Power,S,20,PA
N,A,Groth,Y,USD,"3"" 8820A",Y,0,30,Y,100,N,8820A,C3,Y,3.06,100,Linear,W,50,03,C3,Y,3.06,100,Linear,W,50,PA
Y,A,Groth,Y,USD,"3"" 1720A",N,6,100,Y,100,Y,1720A,C3,Y,3.06,100,Linear,W,10,03,C3,Y,3.06,100,Power,W,10,PA
N,A,Groth,Y,USD,"3"" 1300A/7618",Y,0,30,Y,100,N,1300A/7618,,N,,,,N,,03,C3,Y,3.06,100,Linear,W,50,FV
Y,A,LVA,Y,USD,"3"" 2300A",N,6,100,Y,100,N,2300A,C3,Y,3.06,100,Power,W,10,03,,N,,,,N,,FV
Y,A,Groth,Y,USD,"3"" 1720A Fiberglass",N,6,30,N,100,N,1720A Fiberglass,C3,Y,3.06,100,Linear,F,10,03,C3,Y,3.06,100,Power,F,10,PA
Y,A,Groth,Y,USD,"3"" 1261A Fiberglass",N,6,30,N,100,N,1261A Fiberglass,C1,Y,3.06,100,Power,S,20,03,,N,,,,N,,PA
N,A,Groth,Y,USD,"3"" 8802A",Y,0,30,Y,100,N,8802A,C3,Y,3.06,100,Linear,W,50,03,C1,Y,3.06,100,Power,S,50,FV
Y,A,LVA,Y,USD,"3"" 1360A",N,6,100,Y,100,Y,1360A,,N,,,,N,,03,C3,Y,2.07,100,Power,W,10,FV
Y,A,Groth,Y,USD,"3"" 2300A Fiberglass",N,6,30,N,100,N,2300A Fiberglass,C3,Y,3.06,100,Power,F,10,03,,N,,,,N,,FV
Y,A,Groth,Y,USD,"3"" 1761A Fiberglass",N,6,30,N,100,N,1761A Fiberglass,C1,Y,3.06,100,Power,S,20,03,,N,,,,N,,PA
Y,A,LVA,Y,USD,"3"" 1722B",N,6,100,Y,100,Y,1722B,C3,Y,3.06,100,Linear,W,10,03,C1,Y,3.06,100,Power,S,20,PA
Y,A,Groth,Y,USD,"3"" 1200A",N,6,100,Y,100,Y,1200A,C3,Y,3.06,100,Power,W,10,03,C3,Y,3.06,100,Power,W,10,FV
N,A,Groth,Y,USD,"3"" 1203A",N,0,100,Y,100,Y,1203A,C1,Y,3.06,100,Power,S,20,03,C1,Y,3.06,100,Power,S,20,FV
N,A,Groth,Y,USD,"3"" 1202B",N,0,100,Y,100,Y,1202B,C3,Y,3.06,100,Power,W,10,03,C1,Y,3.06,100,Power,S,20,FV
Y,A,Groth,Y,USD,"3"" 1361A",N,6,100,Y,100,Y,1361A,,N,,,,N,,03,C1,Y,2.07,100,Power,S,20,FV
Y,A,Groth,Y,USD,"3"" 1221B Fiberglass",N,6,30,N,100,N,1221B Fiberglass,C1,Y,3.06,100,Power,S,20,03,C3,Y,3.06,100,Power,F,10,PA
N,A,Groth,Y,USD,"3"" 1260A/7618",Y,0,30,Y,100,N,1260A/7618,C3,Y,3.06,100,Linear,W,50,03,,N,,,,N,,PA
Y,A,Groth,Y,USD,"3"" 1220A",N,6,100,Y,100,Y,1220A,C3,Y,3.06,100,Power,W,10,03,C3,Y,3.06,100,Power,W,10,PA
Y,A,Groth,Y,USD,"3"" 1201B Fiberglass",N,6,30,N,100,N,1201B Fiberglass,C1,Y,3.06,100,Power,S,20,03,C3,Y,3.06,100,Power,F,10,FV
Y,A,LVA,Y,USD,"3"" 1721B",N,6,100,Y,100,Y,1721B,C1,Y,3.06,100,Power,S,20,03,C3,Y,3.06,100,Power,W,10,PA
Y,A,Groth,Y,USD,"3"" 1460",N,6,30,Y,10,Y,1460,NA,Y,3.06,10,Linear,P,10,03,,N,,,,N,,PA
Y,A,Groth,Y,USD,"3"" 1201B",N,6,100,Y,100,Y,1201B,C1,Y,3.06,100,Power,S,20,03,C3,Y,3.06,100,Power,W,10,FV
Y,A,Groth,Y,USD,"3"" 2301A",N,6,100,Y,100,N,2301A,C1,Y,3.06,100,Power,S,20,03,,N,,,,N,,FV
N,A,Groth,Y,USD,"3"" 1222B",N,0,100,Y,100,Y,1222B,C3,Y,3.06,100,Power,W,10,03,C1,Y,3.06,100,Power,S,20,PA
Y,A,Groth,Y,USD,"3"" 1722B Fiberglass",N,6,30,N,100,N,1722B Fiberglass,C3,Y,3.06,100,Linear,F,10,03,C1,Y,3.06,100,Power,S,20,PA
Y,A,Groth,Y,USD,"3"" 1723A",N,6,100,Y,100,Y,1723A,C1,Y,3.06,100,Power,S,20,03,C1,Y,3.06,100,Power,S,20,PA
Y,A,LVA,Y,USD,"3"" 1221B",N,6,100,Y,100,Y,1221B,C1,Y,3.06,100,Power,S,20,03,C3,Y,3.06,100,Power,W,10,PA
N,A,Groth,Y,USD,"3"" 1223A Fiberglass",N,0,30,N,100,N,1223A Fiberglass,C1,Y,3.06,100,Power,S,20,03,C1,Y,3.06,100,Power,S,20,PA
N,A,Groth,Y,USD,"3"" 1261A/7618",Y,0,30,Y,100,N,1261A/7618,C1,Y,3.06,100,Power,S,50,03,,N,,,,N,,PA
Y,A,LVA,Y,USD,"3"" 1200A",N,6,100,Y,100,Y,1200A,C3,Y,3.06,100,Power,W,10,03,C3,Y,3.06,100,Power,W,10,FV
Y,A,Groth,Y,USD,"3"" 1200A Fiberglass",N,6,30,N,100,N,1200A Fiberglass,C3,Y,3.06,100,Power,F,10,03,C3,Y,3.06,100,Power,F,10,FV
N,A,Groth,Y,USD,"3"" 1202B Fiberglass",N,0,30,N,100,N,1202B Fiberglass,C3,Y,3.06,100,Power,F,10,03,C1,Y,3.06,100,Power,S,20,FV
Y,A,LVA,Y,USD,"3"" 1720A",N,6,100,Y,100,Y,1720A,C3,Y,3.06,100,Linear,W,10,03,C3,Y,3.06,100,Power,W,10,PA
Y,A,Groth,Y,USD,"3"" 2301-FA1",Y,2,30,Y,100,N,2301-FA1,C1,Y,3.06,100,Power,S,50,03,,N,,,,N,,FV
N,A,Groth,Y,USD,"3"" 1203A Fiberglass",N,0,30,N,100,N,1203A Fiberglass,C1,Y,3.06,100,Power,S,20,03,C1,Y,3.06,100,Power,S,20,FV
N,A,LVA,Y,USD,"3"" 1203A",N,0,100,Y,100,Y,1203A,C1,Y,3.06,100,Power,S,20,03,C1,Y,3.06,100,Power,S,20,FV
Y,A,Groth,Y,USD,"3"" 1420",N,6,30,Y,100,Y,1420,NA,Y,3.06,10,Linear,P,10,03,C3,Y,3.06,100,Power,W,10,PA
Y,A,Groth,Y,USD,"3"" 1301A",N,6,100,Y,100,Y,1301A,,N,,,,N,,03,C1,Y,3.06,100,Power,S,20,FV
Y,A,Groth,Y,USD,"4"" 1761A",N,6,100,Y,100,Y,1761A,C1,Y,4.06,100,Power,S,20,04,,N,,,,N,,PA
Y,A,Groth,Y,USD,"4"" 1261A Fiberglass",N,6,30,N,100,N,1261A Fiberglass,C1,Y,4.06,100,Power,S,20,04,,N,,,,N,,PA
Y,A,Groth,Y,USD,"4"" 1722B",N,6,100,Y,100,Y,1722B,C3,Y,4.06,100,Linear,W,10,04,C1,Y,4.06,100,Power,S,20,PA
Y,A,Groth,Y,USD,"4"" 1300A",N,6,100,Y,100,Y,1300A,,N,,,,N,,04,C3,Y,4.06,100,Power,W,10,FV
Y,A,Groth,Y,USD,"4"" 1360A Fiberglass",N,6,30,N,100,N,1360A Fiberglass,,N,,,,N,,04,C3,Y,3.06,100,Power,F,10,FV
Y,A,Groth,Y,USD,"4"" 1300-FA1",Y,2,30,Y,100,N,1300-FA1,,N,,,,N,,04,C3,Y,4.06,100,Linear,W,50,FV
Y,A,LVA,Y,USD,"4"" 1300A",N,6,100,Y,100,Y,1300A,,N,,,,N,,04,C3,Y,4.06,100,Power,W,10,FV
Y,A,Groth,Y,USD,"4"" 1361A Fiberglass",N,6,30,N,100,N,1361A Fiberglass,,N,,,,N,,04,C1,Y,3.06,100,Power,S,20,FV
Y,A,Groth,Y,USD,"4"" 1760A Fiberglass",N,6,30,N,100,N,1760A Fiberglass,C3,Y,4.06,100,Linear,F,10,04,,N,,,,N,,PA
Y,A,LVA,Y,USD,"4"" 1760A",N,6,100,Y,100,Y,1760A,C3,Y,4.06,100,Linear,W,10,04,,N,,,,N,,PA
N,A,Groth,Y,USD,"4"" 1301A/7618",Y,0,30,Y,100,N,1301A/7618,,N,,,,N,,04,C1,Y,4.06,100,Power,S,50,FV
Y,A,Groth,Y,USD,"4"" 1260A",N,6,100,Y,100,Y,1260A,C3,Y,4.06,100,Power,W,10,04,,N,,,,N,,PA
Y,A,Groth,Y,USD,"4"" 1200-FA1",Y,2,30,Y,100,N,1200-FA1,C3,Y,4.06,100,Linear,W,50,04,C3,Y,4.06,100,Linear,W,50,FV
N,A,Groth,Y,USD,"4"" 1222B Fiberglass",N,0,30,N,100,N,1222B Fiberglass,C3,Y,4.06,100,Power,F,10,04,C1,Y,4.06,100,Power,S,20,PA
Y,A,Groth,Y,USD,"4"" 1721B",N,6,100,Y,100,Y,1721B,C1,Y,4.06,100,Power,S,20,04,C3,Y,4.06,100,Power,W,10,PA
Y,A,Groth,Y,USD,"4"" 1261A",N,6,100,Y,100,Y,1261A,C1,Y,4.06,100,Power,S,20,04,,N,,,,N,,PA
Y,A,Groth,Y,USD,"4"" 1660A",N,6,30,Y,10,Y,1660A,NA,Y,4.06,10,Linear,P,10,04,,N,,,,N,,PA
N,A,Groth,Y,USD,"4"" 8800A",Y,0,30,Y,100,N,8800A,C3,Y,4.06,100,Linear,W,50,04,C3,Y,4.06,100,Linear,W,50,FV
Y,A,LVA,Y,USD,"4"" 1721B",N,6,100,Y,100,Y,1721B,C1,Y,4.06,100,Power,S,20,04,C3,Y,4.06,100,Power,W,10,PA
N,A,Groth,Y,USD,"4"" 8803A",Y,0,30,Y,100,N,8803A,C1,Y,4.06,100,Power,S,50,04,C1,Y,4.06,100,Power,S,50,FV
Y,A,Groth,Y,USD,"4"" 1201-FA1",Y,2,30,Y,100,N,1201-FA1,C1,Y,4.06,100,Power,S,50,04,C3,Y,4.06,100,Linear,W,50,FV
Y,A,Groth,Y,USD,"4"" 1203-FA1",Y,2,30,Y,100,N,1203-FA1,C1,Y,4.06,100,Power,S,50,04,C1,Y,4.06,100,Power,S,50,FV
Y,A,Groth,Y,USD,"4"" 14ETPW0",N,6,30,Y,10,Y,14ETPW0,NA,Y,4.026,10,Linear,P,10,04,NA,Y,4.026,10,Linear,W,10,FV
Y,A,Groth,Y,USD,"4"" 14FTPW0",N,6,30,Y,10,Y,14FTPW0,NA,Y,4.026,10,Linear,P,10,04,NA,Y,4.026,10,Linear,W,10,PA
Y,A,Groth,Y,USD,"4"" 14ETP00",N,6,30,Y,10,Y,14ETP00,NA,Y,4.026,10,Linear,P,10,04,,N,,,,N,,FV
Y,A,Groth,Y,USD,"4"" 14FTP00",N,6,30,Y,10,Y,14FTP00,NA,Y,4.026,10,Linear,P,10,04,,N,,,,N,,PA
Y,A,Groth-Future,Y,USD,"4"" 12ETWW0",N,6,30,Y,10,Y,12ETWW0,NA,Y,4.026,10,Linear,W,10,04,NA,Y,4.026,10,Linear,W,10,FV
Y,A,Groth-Future,Y,USD,"4"" 12FTWW0",N,6,30,Y,10,Y,12FTWW0,NA,Y,4.026,10,Linear,W,10,04,NA,Y,4.026,10,Linear,W,10,PA
Y,A,Groth-Future,Y,USD,"4"" 12FTW00",N,6,30,Y,10,Y,12FTW00,NA,Y,4.026,10,Linear,W,10,04,,N,,,,N,,PA
Y,A,Groth-Future,Y,USD,"4"" 13TT0W0",N,6,30,Y,10,Y,13TT0W0,,N,,,,N,,04,NA,Y,4.026,10,Linear,W,10,FV
Y,A,Groth-Future,Y,USD,"4"" 13ST0W0",N,6,30,Y,10,Y,13ST0W0,,N,,,,N,,04,NA,Y,4.026,10,Linear,W,10,FV
Y,A,Groth-Future,Y,USD,"4"" 17FTWW0",N,6,30,Y,10,Y,17FTWW0,NA,Y,4.026,10,Linear,W,10,04,NA,Y,4.026,10,Linear,W,10,PA
Y,A,Groth-Future,Y,USD,"4"" 17FTW00",N,6,30,Y,10,Y,17FTW00,NA,Y,4.026,10,Linear,W,10,04,,N,,,,N,,PA
Y,A,Groth-Future,Y,USD,"4"" 23ETW00",N,6,30,Y,10,N,23ETW00,NA,Y,4.026,10,Linear,W,10,04,,N,,,,N,,FV
N,A,Groth-Future,Y,USD,"4"" 88EHWWD",Y,0,30,Y,100,N,88EHWWD,88EHWWD:04:10:Pos,Y,4.026,100,Linear,W,50,04,88EHWWD:04:10:Vac,Y,4.026,100,Linear,W,50,FV
N,A,Groth-Future,Y,USD,"4"" 88FHWWD",Y,0,30,Y,100,N,88FHWWD,88FHWWD:04:10:Pos,Y,4.026,100,Linear,W,50,04,88FHWWD:04:10:Vac,Y,4.026,100,Linear,W,50,PA
Y,A,Groth-Future,Y,USD,"4"" 12ETSW0",N,6,30,Y,10,Y,12ETSW0,NA,Y,4.026,10,Power,S,10,04,NA,Y,4.026,10,Linear,W,10,FV
Y,A,Groth-Future,Y,USD,"4"" 12ETWS0",N,6,30,Y,10,Y,12ETWS0,NA,Y,4.026,10,Linear,W,10,04,NA,Y,4.026,10,Power,S,10,FV
Y,A,Groth-Future,Y,USD,"4"" 12ETSS0",N,6,30,Y,10,Y,12ETSS0,NA,Y,4.026,10,Power,S,10,04,NA,Y,4.026,10,Power,S,10,FV
Y,A,Groth-Future,Y,USD,"4"" 12FTSW0",N,6,30,Y,10,Y,12FTSW0,NA,Y,4.026,10,Power,S,10,04,NA,Y,4.026,10,Linear,W,10,PA
Y,A,Groth-Future,Y,USD,"4"" 12FTWS0",N,6,30,Y,10,Y,12FTWS0,NA,Y,4.026,10,Linear,W,10,04,NA,Y,4.026,10,Power,S,10,PA
Y,A,Groth-Future,Y,USD,"4"" 12FTSS0",N,6,30,Y,10,Y,12FTSS0,NA,Y,4.026,10,Power,S,10,04,NA,Y,4.026,10,Power,S,10,PA
Y,A,Groth-Future,Y,USD,"4"" 12FTS00",N,6,30,Y,10,Y,12FTS00,NA,Y,4.026,10,Power,S,10,04,,N,,, ,N,,PA
Y,A,Groth-Future,Y,USD,"4"" 13TT0S0",N,6,30,Y,10,Y,13TT0S0,,N,,,Power,N,10,04,NA,Y,4.026,10,Power,S,10,FV
Y,A,Groth-Future,Y,USD,"4"" 13ST0S0",N,6,30,Y,10,Y,13ST0S0,,N,,, ,N,,04,NA,Y,4.026,10,Power,S,10,FV
Y,A,Groth-Future,Y,USD,"4"" 23ETS00",N,6,30,Y,10,N,23ETS00,NA,Y,4.026,10,Power,S,10,04,,N,,, ,N,,FV
Y,A,Groth-Future,Y,USD,"4"" 12FTSW0",N,6,30,Y,10,Y,17FTSW0,NA,Y,4.026,10,Power,S,10,04,NA,Y,4.026,10,Linear,W,10,PA
Y,A,Groth-Future,Y,USD,"4"" 12FTWS0",N,6,30,Y,10,Y,17FTWS0,NA,Y,4.026,10,Linear,W,10,04,NA,Y,4.026,10,Power,S,10,PA
Y,A,Groth-Future,Y,USD,"4"" 17FTSS0",N,6,30,Y,10,Y,17FTSS0,NA,Y,4.026,10,Power,S,10,04,NA,Y,4.026,10,Power,S,10,PA
Y,A,Groth-Future,Y,USD,"4"" 12FTS00",N,6,30,Y,10,Y,17FTS00,NA,Y,4.026,10,Power,S,10,04,,N,,, ,N,,PA
Y,A,Groth,Y,USD,"4"" 1201B Fiberglass",N,6,30,N,100,N,1201B Fiberglass,C1,Y,4.06,100,Power,S,20,04,C3,Y,4.06,100,Power,F,10,FV
Y,A,LVA,Y,USD,"4"" 1261A",N,6,100,Y,100,Y,1261A,C1,Y,4.06,100,Power,S,20,04,,N,,,,N,,PA
Y,A,Groth,Y,USD,"4"" 1720A Fiberglass",N,6,30,N,100,N,1720A Fiberglass,C3,Y,4.06,100,Linear,F,10,04,C3,Y,4.06,100,Power,F,10,PA
Y,A,LVA,Y,USD,"4"" 2300A",N,6,100,Y,100,N,2300A,C3,Y,4.06,100,Power,W,10,04,,N,,,,N,,FV
Y,A,LVA,Y,USD,"4"" 1201B",N,6,100,Y,100,Y,1201B,C1,Y,4.06,100,Power,S,20,04,C3,Y,4.06,100,Power,W,10,FV
Y,A,LVA,Y,USD,"4"" 1361A",N,6,100,Y,100,Y,1361A,,N,,,,N,,04,C1,Y,3.06,100,Power,S,20,FV
N,A,Groth,Y,USD,"4"" 1720A/7618",Y,0,30,Y,100,N,1720A/7618,C3,Y,4.06,100,Linear,W,50,04,C3,Y,4.06,100,Linear,W,50,PA
Y,A,LVA,Y,USD,"4"" 1220A",N,6,100,Y,100,Y,1220A,C3,Y,4.06,100,Power,W,10,04,C3,Y,4.06,100,Power,W,10,PA
Y,A,LVA,Y,USD,"4"" 1761A",N,6,100,Y,100,Y,1761A,C1,Y,4.06,100,Power,S,20,04,,N,,,,N,,PA
Y,A,Groth,Y,USD,"4"" 1723A Fiberglass",N,6,30,N,100,N,1723A Fiberglass,C1,Y,4.06,100,Power,S,20,04,C1,Y,4.06,100,Power,S,20,PA
Y,A,LVA,Y,USD,"4"" 2301A",N,6,100,Y,100,N,2301A,C1,Y,4.06,100,Power,S,20,04,,N,,,,N,,FV
N,A,LVA,Y,USD,"4"" 1223A",N,0,100,Y,100,Y,1223A,C1,Y,4.06,100,Power,S,20,04,C1,Y,4.06,100,Power,S,20,PA
N,A,Groth,Y,USD,"4"" 8821A",Y,0,30,Y,100,N,8821A,C1,Y,4.06,100,Power,S,50,04,C3,Y,4.06,100,Linear,W,50,PA
Y,A,Groth,Y,USD,"4"" 1221B",N,6,100,Y,100,Y,1221B,C1,Y,4.06,100,Power,S,20,04,C3,Y,4.06,100,Power,W,10,PA
Y,A,LVA,Y,USD,"4"" 1301A",N,6,100,Y,100,Y,1301A,,N,,,,N,,04,C1,Y,4.06,100,Power,S,20,FV
Y,A,Groth,Y,USD,"4"" 1202-FA1",Y,2,30,Y,100,N,1202-FA1,C3,Y,4.06,100,Linear,W,50,04,C1,Y,4.06,100,Power,S,50,FV
Y,A,Groth,Y,USD,"4"" 2301A Fiberglass",N,6,30,N,100,N,2301A Fiberglass,C1,Y,4.06,100,Power,S,20,04,,N,,,,N,,FV
N,A,Groth,Y,USD,"4"" 2301A/7618",Y,0,30,Y,100,N,2301A/7618,C1,Y,4.06,100,Power,S,50,04,,N,,,,N,,FV
Y,A,Groth,Y,USD,"4"" 2300-FA1",Y,2,30,Y,100,N,2300-FA1,C3,Y,4.06,100,Power,W,50,04,,N,,,,N,,FV
N,A,Groth,Y,USD,"4"" 1760A/7618",Y,0,30,Y,100,N,1760A/7618,C3,Y,4.06,100,Linear,W,50,04,,N,,,,N,,PA
Y,A,Groth,Y,USD,"4"" 2300A",N,6,100,Y,100,N,2300A,C3,Y,4.06,100,Power,W,10,04,,N,,,,N,,FV
Y,A,Groth,Y,USD,"4"" 1721B Fiberglass",N,6,30,N,100,N,1721B Fiberglass,C1,Y,4.06,100,Power,S,20,04,C3,Y,4.06,100,Power,F,10,PA
Y,A,Groth,Y,USD,"4"" 1301-FA1",Y,2,30,Y,100,N,1301-FA1,,N,,,,N,,04,C1,Y,4.06,100,Power,S,50,FV
Y,A,Groth,Y,USD,"4"" 1360-FA1",Y,2,30,Y,100,N,1360-FA1,,N,,,,N,,04,C3,Y,3.06,100,Power,W,50,FV
Y,A,Groth,Y,USD,"4"" 1200A",N,6,100,Y,100,Y,1200A,C3,Y,4.06,100,Power,W,10,04,C3,Y,4.06,100,Power,W,10,FV
Y,A,Groth,Y,USD,"4"" 1361-FA1",Y,2,30,Y,100,N,1361-FA1,,N,,,,N,,04,C1,Y,3.06,100,Power,S,50,FV
Y,A,Groth,Y,USD,"4"" 1662A",N,6,30,Y,10,Y,1662A,,N,,,,N,,04,NA,Y,4.06,10,Linear,P,10,PA
Y,A,Groth,Y,USD,"4"" 1300A Fiberglass",N,6,30,N,100,N,1300A Fiberglass,,N,,,,N,,04,C3,Y,4.06,100,Power,F,10,FV
N,A,LVA,Y,USD,"4"" 1202B",N,0,100,Y,100,Y,1202B,C3,Y,4.06,100,Power,W,10,04,C1,Y,4.06,100,Power,S,20,FV
Y,A,LVA,Y,USD,"4"" 1723A",N,6,100,Y,100,Y,1723A,C1,Y,4.06,100,Power,S,20,04,C1,Y,4.06,100,Power,S,20,PA
Y,A,Groth,Y,USD,"4"" 1460",N,6,30,Y,10,Y,1460,NA,Y,4.06,10,Linear,P,10,04,,N,,,,N,,PA
Y,A,Groth,Y,USD,"4"" 1723A",N,6,100,Y,100,Y,1723A,C1,Y,4.06,100,Power,S,20,04,C1,Y,4.06,100,Power,S,20,PA
N,A,Groth,Y,USD,"4"" 1300A/7618",Y,0,30,Y,100,N,1300A/7618,,N,,,,N,,04,C3,Y,4.06,100,Linear,W,50,FV
N,A,Groth,Y,USD,"4"" 8802A",Y,0,30,Y,100,N,8802A,C3,Y,4.06,100,Linear,W,50,04,C1,Y,4.06,100,Power,S,50,FV
N,A,Groth,Y,USD,"4"" 8823A",Y,0,30,Y,100,N,8823A,C1,Y,4.06,100,Power,S,50,04,C1,Y,4.06,100,Power,S,50,PA
N,A,Groth,Y,USD,"4"" 1223A Fiberglass",N,0,30,N,100,N,1223A Fiberglass,C1,Y,4.06,100,Power,S,20,04,C1,Y,4.06,100,Power,S,20,PA
Y,A,Groth,Y,USD,"4"" 1201B",N,6,100,Y,100,Y,1201B,C1,Y,4.06,100,Power,S,20,04,C3,Y,4.06,100,Power,W,10,FV
N,A,LVA,Y,USD,"4"" 1222B",N,0,100,Y,100,Y,1222B,C3,Y,4.06,100,Power,W,10,04,C1,Y,4.06,100,Power,S,20,PA
N,A,Groth,Y,USD,"4"" 1203A Fiberglass",N,0,30,N,100,N,1203A Fiberglass,C1,Y,4.06,100,Power,S,20,04,C1,Y,4.06,100,Power,S,20,FV
Y,A,Groth,Y,USD,"4"" 1200A Fiberglass",N,6,30,N,100,N,1200A Fiberglass,C3,Y,4.06,100,Power,F,10,04,C3,Y,4.06,100,Power,F,10,FV
Y,A,Groth,Y,USD,"4"" 1720A",N,6,100,Y,100,Y,1720A,C3,Y,4.06,100,Linear,W,10,04,C3,Y,4.06,100,Power,W,10,PA
Y,A,Groth,Y,USD,"4"" 1260A Fiberglass",N,6,30,N,100,N,1260A Fiberglass,C3,Y,4.06,100,Power,F,10,04,,N,,,,N,,PA
N,A,Groth,Y,USD,"4"" 1223A",N,0,100,Y,100,Y,1223A,C1,Y,4.06,100,Power,S,20,04,C1,Y,4.06,100,Power,S,20,PA
Y,A,Groth,Y,USD,"4"" 1722B Fiberglass",N,6,30,N,100,N,1722B Fiberglass,C3,Y,4.06,100,Linear,F,10,04,C1,Y,4.06,100,Power,S,20,PA
Y,A,Groth,Y,USD,"4"" 2301-FA1",Y,2,30,Y,100,N,2301-FA1,C1,Y,4.06,100,Power,S,50,04,,N,,,,N,,FV
Y,A,LVA,Y,USD,"4"" 1221B",N,6,100,Y,100,Y,1221B,C1,Y,4.06,100,Power,S,20,04,C3,Y,4.06,100,Power,W,10,PA
Y,A,Groth,Y,USD,"4"" 1420",N,6,30,Y,100,Y,1420,NA,Y,4.06,10,Linear,P,10,04,C3,Y,4.06,100,Power,W,10,PA
N,A,Groth,Y,USD,"4"" 1202B Fiberglass",N,0,30,N,100,N,1202B Fiberglass,C3,Y,4.06,100,Power,F,10,04,C1,Y,4.06,100,Power,S,20,FV
Y,A,Groth,Y,USD,"4"" 1430",N,6,30,Y,10,Y,1430,NA,Y,4.06,10,Linear,P,10,04,,N,,,,N,,FV
N,A,Groth,Y,USD,"4"" 8820A",Y,0,30,Y,100,N,8820A,C3,Y,4.06,100,Linear,W,50,04,C3,Y,4.06,100,Linear,W,50,PA
Y,A,Groth,Y,USD,"4"" 2301A",N,6,100,Y,100,N,2301A,C1,Y,4.06,100,Power,S,20,04,,N,,,,N,,FV
Y,A,Groth,Y,USD,"4"" 1361A",N,6,100,Y,100,Y,1361A,,N,,,,N,,04,C1,Y,3.06,100,Power,S,20,FV
Y,A,LVA,Y,USD,"4"" 1200A",N,6,100,Y,100,Y,1200A,C3,Y,4.06,100,Power,W,10,04,C3,Y,4.06,100,Power,W,10,FV
Y,A,Groth,Y,USD,"4"" 1220A",N,6,100,Y,100,Y,1220A,C3,Y,4.06,100,Power,W,10,04,C3,Y,4.06,100,Power,W,10,PA
Y,A,LVA,Y,USD,"4"" 1720A",N,6,100,Y,100,Y,1720A,C3,Y,4.06,100,Linear,W,10,04,C3,Y,4.06,100,Power,W,10,PA
Y,A,Groth,Y,USD,"4"" 1761A Fiberglass",N,6,30,N,100,N,1761A Fiberglass,C1,Y,4.06,100,Power,S,20,04,,N,,,,N,,PA
N,A,Groth,Y,USD,"4"" 8801A",Y,0,30,Y,100,N,8801A,C1,Y,4.06,100,Power,S,50,04,C3,Y,4.06,100,Linear,W,50,FV
Y,A,Groth,Y,USD,"4"" 1400",N,6,30,Y,100,Y,1400,NA,Y,4.06,10,Linear,P,10,04,C3,Y,4.06,100,Power,W,10,FV
N,A,Groth,Y,USD,"4"" 1260A/7618",Y,0,30,Y,100,N,1260A/7618,C3,Y,4.06,100,Linear,W,50,04,,N,,,,N,,PA
N,A,Groth,Y,USD,"4"" 2300A/7618",Y,0,30,Y,100,N,2300A/7618,C3,Y,4.06,100,Power,W,50,04,,N,,,,N,,FV
Y,A,LVA,Y,USD,"4"" 1722B",N,6,100,Y,100,Y,1722B,C3,Y,4.06,100,Linear,W,10,04,C1,Y,4.06,100,Power,S,20,PA
N,A,Groth,Y,USD,"4"" 1202B",N,0,100,Y,100,Y,1202B,C3,Y,4.06,100,Power,W,10,04,C1,Y,4.06,100,Power,S,20,FV
Y,A,Groth,Y,USD,"4"" 1220A Fiberglass",N,6,30,N,100,N,1220A Fiberglass,C3,Y,4.06,100,Power,F,10,04,C3,Y,4.06,100,Power,F,10,PA
N,A,Groth,Y,USD,"4"" 1261A/7618",Y,0,30,Y,100,N,1261A/7618,C1,Y,4.06,100,Power,S,50,04,,N,,,,N,,PA
Y,A,Groth,Y,USD,"4"" 2300A Fiberglass",N,6,30,N,100,N,2300A Fiberglass,C3,Y,4.06,100,Power,F,10,04,,N,,,,N,,FV
Y,A,Groth,Y,USD,"4"" 1360A",N,6,100,Y,100,Y,1360A,,N,,,,N,,04,C3,Y,3.06,100,Power,W,10,FV
N,A,Groth,Y,USD,"4"" 1222B",N,0,100,Y,100,Y,1222B,C3,Y,4.06,100,Power,W,10,04,C1,Y,4.06,100,Power,S,20,PA
N,A,Groth,Y,USD,"4"" 1203A",N,0,100,Y,100,Y,1203A,C1,Y,4.06,100,Power,S,20,04,C1,Y,4.06,100,Power,S,20,FV
Y,A,LVA,Y,USD,"4"" 1360A",N,6,100,Y,100,Y,1360A,,N,,,,N,,04,C3,Y,3.06,100,Power,W,10,FV
Y,A,Groth,Y,USD,"4"" 1221B Fiberglass",N,6,30,N,100,N,1221B Fiberglass,C1,Y,4.06,100,Power,S,20,04,C3,Y,4.06,100,Power,F,10,PA
Y,A,LVA,Y,USD,"4"" 1260A",N,6,100,Y,100,Y,1260A,C3,Y,4.06,100,Power,W,10,04,,N,,,,N,,PA
N,A,LVA,Y,USD,"4"" 1203A",N,0,100,Y,100,Y,1203A,C1,Y,4.06,100,Power,S,20,04,C1,Y,4.06,100,Power,S,20,FV
Y,A,Groth,Y,USD,"4"" 1301A Fiberglass",N,6,30,N,100,N,1301A Fiberglass,,N,,,,N,,04,C1,Y,4.06,100,Power,S,20,FV
Y,A,Groth,Y,USD,"4"" 1301A",N,6,100,Y,100,Y,1301A,,N,,,,N,,04,C1,Y,4.06,100,Power,S,20,FV
N,A,Groth,Y,USD,"4"" 8822A",Y,0,30,Y,100,N,8822A,C3,Y,4.06,100,Linear,W,50,04,C1,Y,4.06,100,Power,S,50,PA
Y,A,Groth,Y,USD,"4"" 1760A",N,6,100,Y,100,Y,1760A,C3,Y,4.06,100,Linear,W,10,04,,N,,,,N,,PA
Y,A,Groth,Y,USD,"6"" 2300-FA1",Y,2,30,Y,100,N,2300-FA1,C3,Y,6.06,100,Power,W,50,06,,N,,,,N,,FV
N,A,Groth,Y,USD,"6"" 1301A/7618",Y,0,30,Y,100,N,1301A/7618,,N,,,,N,,06,C1,Y,6.06,100,Power,S,50,FV
Y,A,Groth,Y,USD,"6"" 2300A",N,6,100,Y,100,N,2300A,C3,Y,6.06,100,Power,W,10,06,,N,,,,N,,FV
N,A,Groth,Y,USD,"6"" 2301A/7618",Y,0,30,Y,100,N,2301A/7618,C1,Y,6.06,100,Power,S,50,06,,N,,,,N,,FV
Y,A,Groth,Y,USD,"6"" 1261A",N,6,100,Y,100,Y,1261A,C1,Y,6.06,100,Power,S,20,06,,N,,,,N,,PA
Y,A,Groth,Y,USD,"6"" 1200A",N,6,100,Y,100,Y,1200A,C3,Y,6.06,100,Power,W,10,06,C3,Y,6.06,100,Power,W,10,FV
Y,A,Groth,Y,USD,"6"" 1203-FA1",Y,2,30,Y,100,N,1203-FA1,C1,Y,6.06,100,Power,S,50,06,C1,Y,6.06,100,Power,S,50,FV
Y,A,Groth,Y,USD,"6"" 2301A Fiberglass",N,6,30,N,100,N,2301A Fiberglass,C1,Y,6.06,100,Power,S,20,06,,N,,,,N,,FV
N,A,Groth,Y,USD,"6"" 8822A",Y,0,30,Y,100,N,8822A,C3,Y,6.06,100,Linear,W,50,06,C1,Y,6.06,100,Power,S,50,PA
Y,A,Groth,Y,USD,"6"" 1300A Fiberglass",N,6,30,N,100,N,1300A Fiberglass,,N,,,,N,,06,C3,Y,6.06,100,Power,F,10,FV
Y,A,Groth,Y,USD,"6"" 1360-FA1",Y,2,30,Y,100,N,1360-FA1,,N,,,,N,,06,C3,Y,4.06,100,Power,W,50,FV
Y,A,Groth,Y,USD,"6"" 1201B Fiberglass",N,6,30,N,100,N,1201B Fiberglass,C1,Y,6.06,100,Power,S,20,06,C3,Y,6.06,100,Power,F,10,FV
Y,A,Groth,Y,USD,"6"" 1301-FA1",Y,2,30,Y,100,N,1301-FA1,,N,,,,N,,06,C1,Y,6.06,100,Power,S,50,FV
Y,A,LVA,Y,USD,"6"" 1201B",N,6,100,Y,100,Y,1201B,C1,Y,6.06,100,Power,S,20,06,C3,Y,6.06,100,Power,W,10,FV
N,A,Groth,Y,USD,"6"" 1202B",N,0,100,Y,100,Y,1202B,C3,Y,6.06,100,Power,W,10,06,C1,Y,6.06,100,Power,S,20,FV
N,A,Groth,Y,USD,"6"" 1203A",N,0,100,Y,100,Y,1203A,C1,Y,6.06,100,Power,S,20,06,C1,Y,6.06,100,Power,S,20,FV
Y,A,Groth,Y,USD,"6"" 2301A",N,6,100,Y,100,N,2301A,C1,Y,6.06,100,Power,S,20,06,,N,,,,N,,FV
N,A,LVA,Y,USD,"6"" 1202B",N,0,100,Y,100,Y,1202B,C3,Y,6.06,100,Power,W,10,06,C1,Y,6.06,100,Power,S,20,FV
Y,A,LVA,Y,USD,"6"" 1200A",N,6,100,Y,100,Y,1200A,C3,Y,6.06,100,Power,W,10,06,C3,Y,6.06,100,Power,W,10,FV
Y,A,Groth,Y,USD,"6"" 1361A",N,6,100,Y,100,Y,1361A,,N,,,,N,,06,C1,Y,4.06,100,Power,S,20,FV
Y,A,Groth,Y,USD,"6"" 1360A",N,6,100,Y,100,Y,1360A,,N,,,,N,,06,C3,Y,4.06,100,Power,W,10,FV
Y,A,Groth,Y,USD,"6"" 1301A",N,6,100,Y,100,Y,1301A,,N,,,,N,,06,C1,Y,6.06,100,Power,S,20,FV
Y,A,LVA,Y,USD,"6"" 1301A",N,6,100,Y,100,Y,1301A,,N,,,,N,,06,C1,Y,6.06,100,Power,S,20,FV
N,A,Groth,Y,USD,"6"" 1260A/7618",Y,0,30,Y,100,N,1260A/7618,C3,Y,6.06,100,Linear,W,50,06,,N,,,,N,,PA
Y,A,Groth,Y,USD,"6"" 1460",N,6,30,Y,10,Y,1460,NA,Y,6.06,10,Linear,P,10,06,,N,,,,N,,PA
Y,A,Groth,Y,USD,"6"" 1220A Fiberglass",N,6,30,N,100,N,1220A Fiberglass,C3,Y,6.06,100,Power,F,10,06,C3,Y,6.06,100,Power,F,10,PA
N,A,Groth,Y,USD,"6"" 1261A/7618",Y,0,30,Y,100,N,1261A/7618,C1,Y,6.06,100,Power,S,50,06,,N,,,,N,,PA
Y,A,Groth,Y,USD,"6"" 1261A Fiberglass",N,6,30,N,100,N,1261A Fiberglass,C1,Y,6.06,100,Power,S,20,06,,N,,,,N,,PA
Y,A,LVA,Y,USD,"6"" 1221B",N,6,100,Y,100,Y,1221B,C1,Y,6.06,100,Power,S,20,06,C3,Y,6.06,100,Power,W,10,PA
Y,A,Groth,Y,USD,"6"" 1430",N,6,30,Y,10,Y,1430,NA,Y,6.06,10,Linear,P,10,06,,N,,,,N,,FV
N,A,Groth,Y,USD,"6"" 1203A Fiberglass",N,0,30,N,100,N,1203A Fiberglass,C1,Y,6.06,100,Power,S,20,06,C1,Y,6.06,100,Power,S,20,FV
N,A,Groth,Y,USD,"6"" 8821A",Y,0,30,Y,100,N,8821A,C1,Y,6.06,100,Power,S,50,06,C3,Y,6.06,100,Linear,W,50,PA
N,A,Groth,Y,USD,"6"" 8823A",Y,0,30,Y,100,N,8823A,C1,Y,6.06,100,Power,S,50,06,C1,Y,6.06,100,Power,S,50,PA
Y,A,Groth,Y,USD,"6"" 1260A Fiberglass",N,6,30,N,100,N,1260A Fiberglass,C3,Y,6.06,100,Power,F,10,06,,N,,,,N,,PA
Y,A,Groth,Y,USD,"6"" 1361-FA1",Y,2,30,Y,100,N,1361-FA1,,N,,,,N,,06,C1,Y,4.06,100,Power,S,50,FV
Y,A,Groth,Y,USD,"6"" 1301A Fiberglass",N,6,30,N,100,N,1301A Fiberglass,,N,,,,N,,06,C1,Y,6.06,100,Power,S,20,FV
N,A,LVA,Y,USD,"6"" 1203A",N,0,100,Y,100,Y,1203A,C1,Y,6.06,100,Power,S,20,06,C1,Y,6.06,100,Power,S,20,FV
Y,A,Groth,Y,USD,"6"" 1220A",N,6,100,Y,100,Y,1220A,C3,Y,6.06,100,Power,W,10,06,C3,Y,6.06,100,Power,W,10,PA
N,A,Groth,Y,USD,"6"" 8802A",Y,0,30,Y,100,N,8802A,C3,Y,6.06,100,Linear,W,50,06,C1,Y,6.06,100,Power,S,50,FV
N,A,Groth,Y,USD,"6"" 1223A",N,0,100,Y,100,Y,1223A,C1,Y,6.06,100,Power,S,20,06,C1,Y,6.06,100,Power,S,20,PA
N,A,Groth,Y,USD,"6"" 8820A",Y,0,30,Y,100,N,8820A,C3,Y,6.06,100,Linear,W,50,06,C3,Y,6.06,100,Linear,W,50,PA
N,A,Groth,Y,USD,"6"" 8801A",Y,0,30,Y,100,N,8801A,C1,Y,6.06,100,Power,S,50,06,C3,Y,6.06,100,Linear,W,50,FV
N,A,Groth,Y,USD,"6"" 1223A Fiberglass",N,0,30,N,100,N,1223A Fiberglass,C1,Y,6.06,100,Power,S,20,06,C1,Y,6.06,100,Power,S,20,PA
Y,A,Groth,Y,USD,"6"" 1662A",N,6,30,Y,10,Y,1662A,,N,,,,N,,06,NA,Y,6.06,10,Linear,P,10,PA
N,A,Groth,Y,USD,"6"" 1300A/7618",Y,0,30,Y,100,N,1300A/7618,,N,,,,N,,06,C3,Y,6.06,100,Linear,W,50,FV
Y,A,LVA,Y,USD,"6"" 1261A",N,6,100,Y,100,Y,1261A,C1,Y,6.06,100,Power,S,20,06,,N,,,,N,,PA
Y,A,LVA,Y,USD,"6"" 1260A",N,6,100,Y,100,Y,1260A,C3,Y,6.06,100,Power,W,10,06,,N,,,,N,,PA
Y,A,LVA,Y,USD,"6"" 1360A",N,6,100,Y,100,Y,1360A,,N,,,,N,,06,C3,Y,4.06,100,Power,W,10,FV
Y,A,LVA,Y,USD,"6"" 2300A",N,6,100,Y,100,N,2300A,C3,Y,6.06,100,Power,W,10,06,,N,,,,N,,FV
Y,A,Groth,Y,USD,"6"" 1221B Fiberglass",N,6,30,N,100,N,1221B Fiberglass,C1,Y,6.06,100,Power,S,20,06,C3,Y,6.06,100,Power,F,10,PA
Y,A,Groth,Y,USD,"6"" 2301-FA1",Y,2,30,Y,100,N,2301-FA1,C1,Y,6.06,100,Power,S,50,06,,N,,,,N,,FV
N,A,Groth,Y,USD,"6"" 1222B",N,0,100,Y,100,Y,1222B,C3,Y,6.06,100,Power,W,10,06,C1,Y,6.06,100,Power,S,20,PA
Y,A,Groth,Y,USD,"6"" 1200A Fiberglass",N,6,30,N,100,N,1200A Fiberglass,C3,Y,6.06,100,Power,F,10,06,C3,Y,6.06,100,Power,F,10,FV
Y,A,Groth,Y,USD,"6"" 2300A Fiberglass",N,6,30,N,100,N,2300A Fiberglass,C3,Y,6.06,100,Power,F,10,06,,N,,,,N,,FV
Y,A,Groth,Y,USD,"6"" 1201B",N,6,100,Y,100,Y,1201B,C1,Y,6.06,100,Power,S,20,06,C3,Y,6.06,100,Power,W,10,FV
N,A,LVA,Y,USD,"6"" 1222B",N,0,100,Y,100,Y,1222B,C3,Y,6.06,100,Power,W,10,06,C1,Y,6.06,100,Power,S,20,PA
Y,A,Groth,Y,USD,"6"" 1200-FA1",Y,2,30,Y,100,N,1200-FA1,C3,Y,6.06,100,Linear,W,50,06,C3,Y,6.06,100,Linear,W,50,FV
Y,A,LVA,Y,USD,"6"" 1300A",N,6,100,Y,100,Y,1300A,,N,,,,N,,06,C3,Y,6.06,100,Power,W,10,FV
Y,A,Groth,Y,USD,"6"" 1201-FA1",Y,2,30,Y,100,N,1201-FA1,C1,Y,6.06,100,Power,S,50,06,C3,Y,6.06,100,Linear,W,50,FV
N,A,Groth,Y,USD,"6"" 8800A",Y,0,30,Y,100,N,8800A,C3,Y,6.06,100,Linear,W,50,06,C3,Y,6.06,100,Linear,W,50,FV
Y,A,Groth,Y,USD,"6"" 1360A Fiberglass",N,6,30,N,100,N,1360A Fiberglass,,N,,,,N,,06,C3,Y,4.06,100,Power,F,10,FV
Y,A,Groth,Y,USD,"6"" 1221B",N,6,100,Y,100,Y,1221B,C1,Y,6.06,100,Power,S,20,06,C3,Y,6.06,100,Power,W,10,PA
N,A,Groth,Y,USD,"6"" 8803A",Y,0,30,Y,100,N,8803A,C1,Y,6.06,100,Power,S,50,06,C1,Y,6.06,100,Power,S,50,FV
Y,A,Groth,Y,USD,"6"" 1202-FA1",Y,2,30,Y,100,N,1202-FA1,C3,Y,6.06,100,Linear,W,50,06,C1,Y,6.06,100,Power,S,50,FV
Y,A,Groth,Y,USD,"6"" 1300A",N,6,100,Y,100,Y,1300A,,N,,,,N,,06,C3,Y,6.06,100,Power,W,10,FV
Y,A,Groth,Y,USD,"6"" 1300-FA1",Y,2,30,Y,100,N,1300-FA1,,N,,,,N,,06,C3,Y,6.06,100,Linear,W,50,FV
Y,A,Groth,Y,USD,"6"" 1420",N,6,30,Y,100,Y,1420,NA,Y,6.06,10,Linear,P,10,06,C3,Y,6.06,100,Power,W,10,PA
Y,A,Groth,Y,USD,"6"" 1361A Fiberglass",N,6,30,N,100,N,1361A Fiberglass,,N,,,,N,,06,C1,Y,4.06,100,Power,S,20,FV
Y,A,Groth,Y,USD,"6"" 1260A",N,6,100,Y,100,Y,1260A,C3,Y,6.06,100,Power,W,10,06,,N,,,,N,,PA
N,A,Groth,Y,USD,"6"" 1222B Fiberglass",N,0,30,N,100,N,1222B Fiberglass,C3,Y,6.06,100,Power,F,10,06,C1,Y,6.06,100,Power,S,20,PA
Y,A,Groth,Y,USD,"6"" 1660A",N,6,30,Y,10,Y,1660A,NA,Y,6.06,10,Linear,P,10,06,,N,,,,N,,PA
Y,A,Groth,Y,USD,"6"" 14ETPW0",N,6,30,Y,10,Y,14ETPW0,NA,Y,6.065,10,Linear,P,10,06,NA,Y,6.065,10,Linear,W,10,FV
Y,A,Groth,Y,USD,"6"" 14FTPW0",N,6,30,Y,10,Y,14FTPW0,NA,Y,6.065,10,Linear,P,10,06,NA,Y,6.065,10,Linear,W,10,PA
Y,A,Groth,Y,USD,"6"" 14ETP00",N,6,30,Y,10,Y,14ETP00,NA,Y,6.065,10,Linear,P,10,06,,N,,,,N,,FV
Y,A,Groth,Y,USD,"6"" 14FTP00",N,6,30,Y,10,Y,14FTP00,NA,Y,6.065,10,Linear,P,10,06,,N,,,,N,,PA
Y,A,Groth-Future,Y,USD,"6"" 12ETWW0",N,6,30,Y,10,Y,12ETWW0,NA,Y,6.065,10,Linear,W,10,06,NA,Y,6.065,10,Linear,W,10,FV
Y,A,Groth-Future,Y,USD,"6"" 12FTWW0",N,6,30,Y,10,Y,12FTWW0,NA,Y,6.065,10,Linear,W,10,06,NA,Y,6.065,10,Linear,W,10,PA
Y,A,Groth-Future,Y,USD,"6"" 12FTW00",N,6,30,Y,10,Y,12FTW00,NA,Y,6.065,10,Linear,W,10,06,,N,,,,N,,PA
Y,A,Groth-Future,Y,USD,"6"" 13TT0W0",N,6,30,Y,10,Y,13TT0W0,,N,,,,N,,06,NA,Y,6.065,10,Linear,W,10,FV
Y,A,Groth-Future,Y,USD,"6"" 13ST0W0",N,6,30,Y,10,Y,13ST0W0,,N,,,,N,,06,NA,Y,6.065,10,Linear,W,10,FV
Y,A,Groth-Future,Y,USD,"6"" 17FTWW0",N,6,30,Y,10,Y,17FTWW0,NA,Y,6.065,10,Linear,W,10,06,NA,Y,6.065,10,Linear,W,10,PA
Y,A,Groth-Future,Y,USD,"6"" 17FTW00",N,6,30,Y,10,Y,17FTW00,NA,Y,6.065,10,Linear,W,10,06,,N,,,,N,,PA
Y,A,Groth-Future,Y,USD,"6"" 23ETW00",N,6,30,Y,10,N,23ETW00,NA,Y,6.065,10,Linear,W,10,06,,N,,,,N,,FV
N,A,Groth-Future,Y,USD,"6"" 88EHWWD",Y,0,30,Y,100,N,88EHWWD,88EHWWD:06:16:Pos,Y,6.065,100,Linear,W,50,06,88EHWWD:06:16:Vac,Y,6.065,100,Linear,W,50,FV
N,A,Groth-Future,Y,USD,"6"" 88FHWWD",Y,0,30,Y,100,N,88FHWWD,88FHWWD:06:16:Pos,Y,6.065,100,Linear,W,50,06,88FHWWD:06:16:Vac,Y,6.065,100,Linear,W,50,PA
Y,A,Groth-Future,Y,USD,"6"" 12ETSW0",N,6,30,Y,10,Y,12ETSW0,NA,Y,6.065,10,Power,S,10,06,NA,Y,6.065,10,Linear,W,10,FV
Y,A,Groth-Future,Y,USD,"6"" 12ETWS0",N,6,30,Y,10,Y,12ETWS0,NA,Y,6.065,10,Linear,W,10,06,NA,Y,6.065,10,Power,S,10,FV
Y,A,Groth-Future,Y,USD,"6"" 12ETSS0",N,6,30,Y,10,Y,12ETSS0,NA,Y,6.065,10,Power,S,10,06,NA,Y,6.065,10,Power,S,10,FV
Y,A,Groth-Future,Y,USD,"6"" 12FTSW0",N,6,30,Y,10,Y,12FTSW0,NA,Y,6.065,10,Power,S,10,06,NA,Y,6.065,10,Linear,W,10,PA
Y,A,Groth-Future,Y,USD,"6"" 12FTWS0",N,6,30,Y,10,Y,12FTWS0,NA,Y,6.065,10,Linear,W,10,06,NA,Y,6.065,10,Power,S,10,PA
Y,A,Groth-Future,Y,USD,"6"" 12FTSS0",N,6,30,Y,10,Y,12FTSS0,NA,Y,6.065,10,Power,S,10,06,NA,Y,6.065,10,Power,S,10,PA
Y,A,Groth-Future,Y,USD,"6"" 12FTS00",N,6,30,Y,10,Y,12FTS00,NA,Y,6.065,10,Power,S,10,06,,N,,, ,N,,PA
Y,A,Groth-Future,Y,USD,"6"" 13TT0S0",N,6,30,Y,10,Y,13TT0S0,,N,,,Power,N,10,06,NA,Y,6.065,10,Power,S,10,FV
Y,A,Groth-Future,Y,USD,"6"" 13ST0S0",N,6,30,Y,10,Y,13ST0S0,,N,,, ,N,,06,NA,Y,6.065,10,Power,S,10,FV
Y,A,Groth-Future,Y,USD,"6"" 23ETS00",N,6,30,Y,10,N,23ETS00,NA,Y,6.065,10,Power,S,10,06,,N,,, ,N,,FV
Y,A,Groth-Future,Y,USD,"6"" 12FTSW0",N,6,30,Y,10,Y,17FTSW0,NA,Y,6.065,10,Power,S,10,06,NA,Y,6.065,10,Linear,W,10,PA
Y,A,Groth-Future,Y,USD,"6"" 12FTWS0",N,6,30,Y,10,Y,17FTWS0,NA,Y,6.065,10,Linear,W,10,06,NA,Y,6.065,10,Power,S,10,PA
Y,A,Groth-Future,Y,USD,"6"" 17FTSS0",N,6,30,Y,10,Y,17FTSS0,NA,Y,6.065,10,Power,S,10,06,NA,Y,6.065,10,Power,S,10,PA
Y,A,Groth-Future,Y,USD,"6"" 12FTS00",N,6,30,Y,10,Y,17FTS00,NA,Y,6.065,10,Power,S,10,06,,N,,, ,N,,PA
Y,A,Groth,Y,USD,"6"" 1400",N,6,30,Y,100,Y,1400,NA,Y,6.06,10,Linear,P,10,06,C3,Y,6.06,100,Power,W,10,FV
N,A,Groth,Y,USD,"6"" 1202B Fiberglass",N,0,30,N,100,N,1202B Fiberglass,C3,Y,6.06,100,Power,F,10,06,C1,Y,6.06,100,Power,S,20,FV
Y,A,LVA,Y,USD,"6"" 1361A",N,6,100,Y,100,Y,1361A,,N,,,,N,,06,C1,Y,4.06,100,Power,S,20,FV
Y,A,LVA,Y,USD,"6"" 2301A",N,6,100,Y,100,N,2301A,C1,Y,6.06,100,Power,S,20,06,,N,,,,N,,FV
N,A,LVA,Y,USD,"6"" 1223A",N,0,100,Y,100,Y,1223A,C1,Y,6.06,100,Power,S,20,06,C1,Y,6.06,100,Power,S,20,PA
Y,A,LVA,Y,USD,"6"" 1220A",N,6,100,Y,100,Y,1220A,C3,Y,6.06,100,Power,W,10,06,C3,Y,6.06,100,Power,W,10,PA
N,A,Groth,Y,USD,"6"" 2300A/7618",Y,0,30,Y,100,N,2300A/7618,C3,Y,6.06,100,Power,W,50,06,,N,,,,N,,FV
Y,A,Groth,Y,USD,"8"" 1300A",N,6,100,Y,100,Y,1300A,,N,,,,N,,08,C3,Y,8,100,Power,W,10,FV
Y,A,Groth,Y,USD,"8"" 14ETPW0",N,6,30,Y,10,Y,14ETPW0,NA,Y,7.981,10,Linear,P,10,08,NA,Y,7.981,10,Linear,W,10,FV
Y,A,Groth,Y,USD,"8"" 14FTPW0",N,6,30,Y,10,Y,14FTPW0,NA,Y,7.981,10,Linear,P,10,08,NA,Y,7.981,10,Linear,W,10,PA
Y,A,Groth,Y,USD,"8"" 14ETP00",N,6,30,Y,10,Y,14ETP00,NA,Y,7.981,10,Linear,P,10,08,,N,,,,N,,FV
Y,A,Groth,Y,USD,"8"" 14FTP00",N,6,30,Y,10,Y,14FTP00,NA,Y,7.981,10,Linear,P,10,08,,N,,,,N,,PA
Y,A,Groth-Future,Y,USD,"8"" 12ETWW0",N,6,30,Y,10,Y,12ETWW0,NA,Y,7.981,10,Linear,W,10,08,NA,Y,7.981,10,Linear,W,10,FV
Y,A,Groth-Future,Y,USD,"8"" 12FTWW0",N,6,30,Y,10,Y,12FTWW0,NA,Y,7.981,10,Linear,W,10,08,NA,Y,7.981,10,Linear,W,10,PA
Y,A,Groth-Future,Y,USD,"8"" 12FTW00",N,6,30,Y,10,Y,12FTW00,NA,Y,7.981,10,Linear,W,10,08,,N,,,,N,,PA
Y,A,Groth-Future,Y,USD,"8"" 13TT0W0",N,6,30,Y,10,Y,13TT0W0,,N,,,,N,,08,NA,Y,7.981,10,Linear,W,10,FV
Y,A,Groth-Future,Y,USD,"8"" 13ST0W0",N,6,30,Y,10,Y,13ST0W0,,N,,,,N,,08,NA,Y,7.981,10,Linear,W,10,FV
Y,A,Groth-Future,Y,USD,"8"" 17FTWW0",N,6,30,Y,10,Y,17FTWW0,NA,Y,7.981,10,Linear,W,10,08,NA,Y,7.981,10,Linear,W,10,PA
Y,A,Groth-Future,Y,USD,"8"" 17FTW00",N,6,30,Y,10,Y,17FTW00,NA,Y,7.981,10,Linear,W,10,08,,N,,,,N,,PA
Y,A,Groth-Future,Y,USD,"8"" 23ETW00",N,6,30,Y,10,N,23ETW00,NA,Y,7.981,10,Linear,W,10,08,,N,,,,N,,FV
N,A,Groth-Future,Y,USD,"8"" 88EHWWD",Y,0,30,Y,100,N,88EHWWD,88EHWWD:08:20:Pos,Y,7.981,100,Linear,W,50,08,88EHWWD:08:20:Vac,Y,7.981,100,Linear,W,50,FV
N,A,Groth-Future,Y,USD,"8"" 88FHWWD",Y,0,30,Y,100,N,88FHWWD,88FHWWD:08:20:Pos,Y,7.981,100,Linear,W,50,08,88FHWWD:08:20:Vac,Y,7.981,100,Linear,W,50,PA
Y,A,Groth-Future,Y,USD,"8"" 12ETSW0",N,6,30,Y,10,Y,12ETSW0,NA,Y,7.981,10,Power,S,10,08,NA,Y,7.981,10,Linear,W,10,FV
Y,A,Groth-Future,Y,USD,"8"" 12ETWS0",N,6,30,Y,10,Y,12ETWS0,NA,Y,7.981,10,Linear,W,10,08,NA,Y,7.981,10,Power,S,10,FV
Y,A,Groth-Future,Y,USD,"8"" 12ETSS0",N,6,30,Y,10,Y,12ETSS0,NA,Y,7.981,10,Power,S,10,08,NA,Y,7.981,10,Power,S,10,FV
Y,A,Groth-Future,Y,USD,"8"" 12FTSW0",N,6,30,Y,10,Y,12FTSW0,NA,Y,7.981,10,Power,S,10,08,NA,Y,7.981,10,Linear,W,10,PA
Y,A,Groth-Future,Y,USD,"8"" 12FTWS0",N,6,30,Y,10,Y,12FTWS0,NA,Y,7.981,10,Linear,W,10,08,NA,Y,7.981,10,Power,S,10,PA
Y,A,Groth-Future,Y,USD,"8"" 12FTSS0",N,6,30,Y,10,Y,12FTSS0,NA,Y,7.981,10,Power,S,10,08,NA,Y,7.981,10,Power,S,10,PA
Y,A,Groth-Future,Y,USD,"8"" 12FTS00",N,6,30,Y,10,Y,12FTS00,NA,Y,7.981,10,Power,S,10,08,,N,,, ,N,,PA
Y,A,Groth-Future,Y,USD,"8"" 13TT0S0",N,6,30,Y,10,Y,13TT0S0,,N,,,Power,N,10,08,NA,Y,7.981,10,Power,S,10,FV
Y,A,Groth-Future,Y,USD,"8"" 13ST0S0",N,6,30,Y,10,Y,13ST0S0,,N,,, ,N,,08,NA,Y,7.981,10,Power,S,10,FV
Y,A,Groth-Future,Y,USD,"8"" 23ETS00",N,6,30,Y,10,N,23ETS00,NA,Y,7.981,10,Power,S,10,08,,N,,, ,N,,FV
Y,A,Groth-Future,Y,USD,"8"" 12FTSW0",N,6,30,Y,10,Y,17FTSW0,NA,Y,7.981,10,Power,S,10,08,NA,Y,7.981,10,Linear,W,10,PA
Y,A,Groth-Future,Y,USD,"8"" 12FTWS0",N,6,30,Y,10,Y,17FTWS0,NA,Y,7.981,10,Linear,W,10,08,NA,Y,7.981,10,Power,S,10,PA
Y,A,Groth-Future,Y,USD,"8"" 17FTSS0",N,6,30,Y,10,Y,17FTSS0,NA,Y,7.981,10,Power,S,10,08,NA,Y,7.981,10,Power,S,10,PA
Y,A,Groth-Future,Y,USD,"8"" 12FTS00",N,6,30,Y,10,Y,17FTS00,NA,Y,7.981,10,Power,S,10,08,,N,,, ,N,,PA
Y,A,LVA,Y,USD,"8"" 1221B",N,6,100,Y,100,Y,1221B,C1,Y,8,100,Power,S,20,08,C3,Y,8,100,Power,W,10,PA
N,A,Groth,Y,USD,"8"" 8820A",Y,0,30,Y,100,N,8820A,C3,Y,8,100,Linear,W,50,08,C3,Y,8,100,Linear,W,50,PA
N,A,Groth,Y,USD,"8"" 1222B",N,0,100,Y,100,Y,1222B,C3,Y,8,100,Power,W,10,08,C1,Y,8,100,Power,S,20,PA
Y,A,Groth,Y,USD,"8"" 1220A Fiberglass",N,6,30,N,100,N,1220A Fiberglass,C3,Y,8,100,Power,F,10,08,C3,Y,8,100,Power,F,10,PA
Y,A,LVA,Y,USD,"8"" 1361A",N,6,100,Y,100,Y,1361A,,N,,,,N,,08,C1,Y,6.06,100,Power,S,20,FV
Y,A,Groth,Y,USD,"8"" 1400",N,6,30,Y,100,Y,1400,NA,Y,8,10,Linear,P,10,08,C3,Y,8,100,Power,W,10,FV
N,A,Groth,Y,USD,"8"" 1203A Fiberglass",N,0,30,N,100,N,1203A Fiberglass,C1,Y,8,100,Power,S,20,08,C1,Y,8,100,Power,S,20,FV
N,A,LVA,Y,USD,"8"" 1223A",N,0,100,Y,100,Y,1223A,C1,Y,8,100,Power,S,20,08,C1,Y,8,100,Power,S,20,PA
Y,A,Groth,Y,USD,"8"" 1201-FA1",Y,2,30,Y,100,N,1201-FA1,C1,Y,8,100,Power,S,50,08,C3,Y,8,100,Linear,W,50,FV
Y,A,Groth,Y,USD,"8"" 1201B Fiberglass",N,6,30,N,100,N,1201B Fiberglass,C1,Y,8,100,Power,S,20,08,C3,Y,8,100,Power,F,10,FV
Y,A,Groth,Y,USD,"8"" 1200-FA1",Y,2,30,Y,100,N,1200-FA1,C3,Y,8,100,Linear,W,50,08,C3,Y,8,100,Linear,W,50,FV
Y,A,Groth,Y,USD,"8"" 1221B",N,6,100,Y,100,Y,1221B,C1,Y,8,100,Power,S,20,08,C3,Y,8,100,Power,W,10,PA
Y,A,Groth,Y,USD,"8"" 2301A Fiberglass",N,6,30,N,100,N,2301A Fiberglass,C1,Y,8,100,Power,S,20,08,,N,,,,N,,FV
N,A,Groth,Y,USD,"8"" 8803A",Y,0,30,Y,100,N,8803A,C1,Y,8,100,Power,S,50,08,C1,Y,8,100,Power,S,50,FV
Y,A,Groth,Y,USD,"8"" 1260A",N,6,100,Y,100,Y,1260A,C3,Y,8,100,Power,W,10,08,,N,,,,N,,PA
N,A,Groth,Y,USD,"8"" 1301A/7618",Y,0,30,Y,100,N,1301A/7618,,N,,,,N,,08,C1,Y,8,100,Power,S,50,FV
Y,A,Groth,Y,USD,"8"" 1200A",N,6,100,Y,100,Y,1200A,C3,Y,8,100,Power,W,10,08,C3,Y,8,100,Power,W,10,FV
Y,A,Groth,Y,USD,"8"" 1361A Fiberglass",N,6,30,N,100,N,1361A Fiberglass,,N,,,,N,,08,C1,Y,6.06,100,Power,S,20,FV
N,A,Groth,Y,USD,"8"" 1222B Fiberglass",N,0,30,N,100,N,1222B Fiberglass,C3,Y,8,100,Power,F,10,08,C1,Y,8,100,Power,S,20,PA
Y,A,Groth,Y,USD,"8"" 1202-FA1",Y,2,30,Y,100,N,1202-FA1,C3,Y,8,100,Linear,W,50,08,C1,Y,8,100,Power,S,50,FV
Y,A,LVA,Y,USD,"8"" 1220A",N,6,100,Y,100,Y,1220A,C3,Y,8,100,Power,W,10,08,C3,Y,8,100,Power,W,10,PA
Y,A,LVA,Y,USD,"8"" 2301A",N,6,100,Y,100,N,2301A,C1,Y,8,100,Power,S,20,08,,N,,,,N,,FV
Y,A,Groth,Y,USD,"8"" 1420",N,6,30,Y,100,Y,1420,NA,Y,8,10,Linear,P,10,08,C3,Y,8,100,Power,W,10,PA
N,A,Groth,Y,USD,"8"" 2301A/7618",Y,0,30,Y,100,N,2301A/7618,C1,Y,8,100,Power,S,50,08,,N,,,,N,,FV
N,A,Groth,Y,USD,"8"" 8800A",Y,0,30,Y,100,N,8800A,C3,Y,8,100,Linear,W,50,08,C3,Y,8,100,Linear,W,50,FV
Y,A,Groth,Y,USD,"8"" 1301-FA1",Y,2,30,Y,100,N,1301-FA1,,N,,,,N,,08,C1,Y,8,100,Power,S,50,FV
Y,A,LVA,Y,USD,"8"" 1300A",N,6,100,Y,100,Y,1300A,,N,,,,N,,08,C3,Y,8,100,Power,W,10,FV
Y,A,LVA,Y,USD,"8"" 1201B",N,6,100,Y,100,Y,1201B,C1,Y,8,100,Power,S,20,08,C3,Y,8,100,Power,W,10,FV
Y,A,Groth,Y,USD,"8"" 1200A Fiberglass",N,6,30,N,100,N,1200A Fiberglass,C3,Y,8,100,Power,F,10,08,C3,Y,8,100,Power,F,10,FV
N,A,Groth,Y,USD,"8"" 8821A",Y,0,30,Y,100,N,8821A,C1,Y,8,100,Power,S,50,08,C3,Y,8,100,Linear,W,50,PA
Y,A,Groth,Y,USD,"8"" 1221B Fiberglass",N,6,30,N,100,N,1221B Fiberglass,C1,Y,8,100,Power,S,20,08,C3,Y,8,100,Power,F,10,PA
Y,A,LVA,Y,USD,"8"" 1301A",N,6,100,Y,100,Y,1301A,,N,,,,N,,08,C1,Y,8,100,Power,S,20,FV
Y,A,Groth,Y,USD,"8"" 1360A",N,6,100,Y,100,Y,1360A,,N,,,,N,,08,C3,Y,6.06,100,Power,W,10,FV
N,A,Groth,Y,USD,"8"" 1223A Fiberglass",N,0,30,N,100,N,1223A Fiberglass,C1,Y,8,100,Power,S,20,08,C1,Y,8,100,Power,S,20,PA
Y,A,Groth,Y,USD,"8"" 1220A",N,6,100,Y,100,Y,1220A,C3,Y,8,100,Power,W,10,08,C3,Y,8,100,Power,W,10,PA
Y,A,Groth,Y,USD,"8"" 2300A Fiberglass",N,6,30,N,100,N,2300A Fiberglass,C3,Y,8,100,Power,F,10,08,,N,,,,N,,FV
Y,A,Groth,Y,USD,"8"" 2301-FA1",Y,2,30,Y,100,N,2301-FA1,C1,Y,8,100,Power,S,50,08,,N,,,,N,,FV
Y,A,Groth,Y,USD,"8"" 1301A Fiberglass",N,6,30,N,100,N,1301A Fiberglass,,N,,,,N,,08,C1,Y,8,100,Power,S,20,FV
Y,A,Groth,Y,USD,"8"" 2301A",N,6,100,Y,100,N,2301A,C1,Y,8,100,Power,S,20,08,,N,,,,N,,FV
Y,A,LVA,Y,USD,"8"" 1360A",N,6,100,Y,100,Y,1360A,,N,,,,N,,08,C3,Y,6.06,100,Power,W,10,FV
Y,A,Groth,Y,USD,"8"" 1301A",N,6,100,Y,100,Y,1301A,,N,,,,N,,08,C1,Y,8,100,Power,S,20,FV
Y,A,Groth,Y,USD,"8"" 1360-FA1",Y,2,30,Y,100,N,1360-FA1,,N,,,,N,,08,C3,Y,6.06,100,Power,W,50,FV
N,A,Groth,Y,USD,"8"" 8801A",Y,0,30,Y,100,N,8801A,C1,Y,8,100,Power,S,50,08,C3,Y,8,100,Linear,W,50,FV
Y,A,Groth,Y,USD,"8"" 1300A Fiberglass",N,6,30,N,100,N,1300A Fiberglass,,N,,,,N,,08,C3,Y,8,100,Power,F,10,FV
Y,A,LVA,Y,USD,"8"" 1260A",N,6,100,Y,100,Y,1260A,C3,Y,8,100,Power,W,10,08,,N,,,,N,,PA
Y,A,Groth,Y,USD,"8"" 1460",N,6,30,Y,10,Y,1460,NA,Y,8,10,Linear,P,10,08,,N,,,,N,,PA
N,A,Groth,Y,USD,"8"" 8802A",Y,0,30,Y,100,N,8802A,C3,Y,8,100,Linear,W,50,08,C1,Y,8,100,Power,S,50,FV
Y,A,Groth,Y,USD,"8"" 1201B",N,6,100,Y,100,Y,1201B,C1,Y,8,100,Power,S,20,08,C3,Y,8,100,Power,W,10,FV
N,A,Groth,Y,USD,"8"" 1261A/7618",Y,0,30,Y,100,N,1261A/7618,C1,Y,8,100,Power,S,50,08,,N,,,,N,,PA
Y,A,LVA,Y,USD,"8"" 2300A",N,6,100,Y,100,N,2300A,C3,Y,8,100,Power,W,10,08,,N,,,,N,,FV
N,A,LVA,Y,USD,"8"" 1203A",N,0,100,Y,100,Y,1203A,C1,Y,8,100,Power,S,20,08,C1,Y,8,100,Power,S,20,FV
Y,A,Groth,Y,USD,"8"" 1260A Fiberglass",N,6,30,N,100,N,1260A Fiberglass,C3,Y,8,100,Power,F,10,08,,N,,,,N,,PA
N,A,LVA,Y,USD,"8"" 1222B",N,0,100,Y,100,Y,1222B,C3,Y,8,100,Power,W,10,08,C1,Y,8,100,Power,S,20,PA
N,A,Groth,Y,USD,"8"" 1300A/7618",Y,0,30,Y,100,N,1300A/7618,,N,,,,N,,08,C3,Y,8,100,Linear,W,50,FV
Y,A,Groth,Y,USD,"8"" 1430",N,6,30,Y,10,Y,1430,NA,Y,8,10,Linear,P,10,08,,N,,,,N,,FV
N,A,Groth,Y,USD,"8"" 8823A",Y,0,30,Y,100,N,8823A,C1,Y,8,100,Power,S,50,08,C1,Y,8,100,Power,S,50,PA
Y,A,Groth,Y,USD,"8"" 1261A Fiberglass",N,6,30,N,100,N,1261A Fiberglass,C1,Y,8,100,Power,S,20,08,,N,,,,N,,PA
Y,A,LVA,Y,USD,"8"" 1261A",N,6,100,Y,100,Y,1261A,C1,Y,8,100,Power,S,20,08,,N,,,,N,,PA
N,A,LVA,Y,USD,"8"" 1202B",N,0,100,Y,100,Y,1202B,C3,Y,8,100,Power,W,10,08,C1,Y,8,100,Power,S,20,FV
Y,A,Groth,Y,USD,"8"" 1361A",N,6,100,Y,100,Y,1361A,,N,,,,N,,08,C1,Y,6.06,100,Power,S,20,FV
N,A,Groth,Y,USD,"8"" 1223A",N,0,100,Y,100,Y,1223A,C1,Y,8,100,Power,S,20,08,C1,Y,8,100,Power,S,20,PA
N,A,Groth,Y,USD,"8"" 1202B",N,0,100,Y,100,Y,1202B,C3,Y,8,100,Power,W,10,08,C1,Y,8,100,Power,S,20,FV
N,A,Groth,Y,USD,"8"" 1260A/7618",Y,0,30,Y,100,N,1260A/7618,C3,Y,8,100,Linear,W,50,08,,N,,,,N,,PA
Y,A,Groth,Y,USD,"8"" 1361-FA1",Y,2,30,Y,100,N,1361-FA1,,N,,,,N,,08,C1,Y,6.06,100,Power,S,50,FV
Y,A,Groth,Y,USD,"8"" 1662A",N,6,30,Y,10,Y,1662A,,N,,,,N,,08,NA,Y,8,10,Linear,P,10,PA
N,A,Groth,Y,USD,"8"" 1203A",N,0,100,Y,100,Y,1203A,C1,Y,8,100,Power,S,20,08,C1,Y,8,100,Power,S,20,FV
Y,A,Groth,Y,USD,"8"" 1261A",N,6,100,Y,100,Y,1261A,C1,Y,8,100,Power,S,20,08,,N,,,,N,,PA
Y,A,Groth,Y,USD,"8"" 2300-FA1",Y,2,30,Y,100,N,2300-FA1,C3,Y,8,100,Power,W,50,08,,N,,,,N,,FV
N,A,Groth,Y,USD,"8"" 1202B Fiberglass",N,0,30,N,100,N,1202B Fiberglass,C3,Y,8,100,Power,F,10,08,C1,Y,8,100,Power,S,20,FV
N,A,Groth,Y,USD,"8"" 8822A",Y,0,30,Y,100,N,8822A,C3,Y,8,100,Linear,W,50,08,C1,Y,8,100,Power,S,50,PA
Y,A,Groth,Y,USD,"8"" 2300A",N,6,100,Y,100,N,2300A,C3,Y,8,100,Power,W,10,08,,N,,,,N,,FV
N,A,Groth,Y,USD,"8"" 2300A/7618",Y,0,30,Y,100,N,2300A/7618,C3,Y,8,100,Power,W,50,08,,N,,,,N,,FV
Y,A,Groth,Y,USD,"8"" 1360A Fiberglass",N,6,30,N,100,N,1360A Fiberglass,,N,,,,N,,08,C3,Y,6.06,100,Power,F,10,FV
Y,A,Groth,Y,USD,"8"" 1203-FA1",Y,2,30,Y,100,N,1203-FA1,C1,Y,8,100,Power,S,50,08,C1,Y,8,100,Power,S,50,FV
Y,A,LVA,Y,USD,"8"" 1200A",N,6,100,Y,100,Y,1200A,C3,Y,8,100,Power,W,10,08,C3,Y,8,100,Power,W,10,FV
Y,A,Groth,Y,USD,"8"" 1660A",N,6,30,Y,10,Y,1660A,NA,Y,8,10,Linear,P,10,08,,N,,,,N,,PA
Y,A,Groth,Y,USD,"8"" 1300-FA1",Y,2,30,Y,100,N,1300-FA1,,N,,,,N,,08,C3,Y,8,100,Linear,W,50,FV
Y,A,Groth-Future,Y,USD,"10"" 13TT0S0",N,6,30,Y,10,Y,13TT0S0,,N,,,Power,N,10,10,NA,Y,10.02,10,Power,S,10,FV
Y,A,Groth-Future,Y,USD,"10"" 13ST0S0",N,6,30,Y,10,Y,13ST0S0,,N,,, ,N,,10,NA,Y,10.02,10,Power,S,10,FV
Y,A,Groth-Future,Y,USD,"10"" 23ETS00",N,6,30,Y,10,N,23ETS00,NA,Y,10.02,10,Power,S,10,10,,N,,, ,N,,FV
Y,A,Groth-Future,Y,USD,"10"" 12FTSW0",N,6,30,Y,10,Y,17FTSW0,NA,Y,10.02,10,Power,S,10,10,NA,Y,10.02,10,Linear,W,10,PA
Y,A,Groth-Future,Y,USD,"10"" 12FTWS0",N,6,30,Y,10,Y,17FTWS0,NA,Y,10.02,10,Linear,W,10,10,NA,Y,10.02,10,Power,S,10,PA
Y,A,Groth-Future,Y,USD,"10"" 17FTSS0",N,6,30,Y,10,Y,17FTSS0,NA,Y,10.02,10,Power,S,10,10,NA,Y,10.02,10,Power,S,10,PA
Y,A,Groth-Future,Y,USD,"10"" 12FTS00",N,6,30,Y,10,Y,17FTS00,NA,Y,10.02,10,Power,S,10,10,,N,,, ,N,,PA
Y,A,Groth,Y,USD,"10"" 1201-FA1",Y,2,30,Y,100,N,1201-FA1,C1,Y,10,100,Power,S,50,10,C3,Y,10,100,Linear,W,50,FV
Y,A,Groth,Y,USD,"10"" 1460",N,6,30,Y,10,Y,1460,NA,Y,10,10,Linear,P,10,10,,N,,,,N,,PA
N,A,Groth,Y,USD,"10"" 1261A/7618",Y,0,30,Y,100,N,1261A/7618,C1,Y,10,100,Power,S,50,10,,N,,,,N,,PA
Y,A,Groth,Y,USD,"10"" 1221B",N,6,100,Y,100,Y,1221B,C1,Y,10,100,Power,S,20,10,C3,Y,10,100,Power,W,10,PA
N,A,Groth,Y,USD,"10"" 1223A Fiberglass",N,0,30,N,100,N,1223A Fiberglass,C1,Y,10,100,Power,S,20,10,C1,Y,10,100,Power,S,20,PA
Y,A,Groth,Y,USD,"10"" 1200-FA1",Y,2,30,Y,100,N,1200-FA1,C3,Y,10,100,Linear,W,50,10,C3,Y,10,100,Linear,W,50,FV
Y,A,Groth,Y,USD,"10"" 2301A Fiberglass",N,6,30,N,100,N,2301A Fiberglass,C1,Y,10,100,Power,S,20,10,,N,,,,N,,FV
N,A,Groth,Y,USD,"10"" 1222B",N,0,100,Y,100,Y,1222B,C3,Y,10,100,Power,W,10,10,C1,Y,10,100,Power,S,20,PA
Y,A,Groth,Y,USD,"10"" 1220A Fiberglass",N,6,30,N,100,N,1220A Fiberglass,C3,Y,10,100,Power,F,10,10,C3,Y,10,100,Power,F,10,PA
N,A,Groth,Y,USD,"10"" 2300A/7618",Y,0,30,Y,100,N,2300A/7618,C3,Y,10,100,Power,W,50,10,,N,,,,N,,FV
Y,A,Groth,Y,USD,"10"" 1202-FA1",Y,2,30,Y,100,N,1202-FA1,C3,Y,10,100,Linear,W,50,10,C1,Y,10,100,Power,S,50,FV
Y,A,Groth,Y,USD,"10"" 1400",N,6,30,Y,100,Y,1400,NA,Y,10,10,Linear,P,10,10,C3,Y,10,100,Power,W,10,FV
Y,A,LVA,Y,USD,"10"" 1200A",N,6,100,Y,100,Y,1200A,C3,Y,10,100,Power,W,10,10,C3,Y,10,100,Power,W,10,FV
Y,A,Groth,Y,USD,"10"" 1200A",N,6,100,Y,100,Y,1200A,C3,Y,10,100,Power,W,10,10,C3,Y,10,100,Power,W,10,FV
Y,A,Groth,Y,USD,"10"" 1360A Fiberglass",N,6,30,N,100,N,1360A Fiberglass,,N,,,,N,,10,C3,Y,8,100,Power,F,10,FV
Y,A,Groth,Y,USD,"10"" 1300-FA1",Y,2,30,Y,100,N,1300-FA1,,N,,,,N,,10,C3,Y,10,100,Linear,W,50,FV
N,A,Groth,Y,USD,"10"" 8821A",Y,0,30,Y,100,N,8821A,C1,Y,10,100,Power,S,50,10,C3,Y,10,100,Linear,W,50,PA
N,A,LVA,Y,USD,"10"" 1203A",N,0,100,Y,100,Y,1203A,C1,Y,10,100,Power,S,20,10,C1,Y,10,100,Power,S,20,FV
Y,A,Groth,Y,USD,"10"" 14ETPW0",N,6,30,Y,10,Y,14ETPW0,NA,Y,10.02,10,Linear,P,10,10,NA,Y,10.02,10,Linear,W,10,FV
Y,A,Groth,Y,USD,"10"" 14FTPW0",N,6,30,Y,10,Y,14FTPW0,NA,Y,10.02,10,Linear,P,10,10,NA,Y,10.02,10,Linear,W,10,PA
Y,A,Groth,Y,USD,"10"" 14ETP00",N,6,30,Y,10,Y,14ETP00,NA,Y,10.02,10,Linear,P,10,10,,N,,,,N,,FV
Y,A,Groth,Y,USD,"10"" 14FTP00",N,6,30,Y,10,Y,14FTP00,NA,Y,10.02,10,Linear,P,10,10,,N,,,,N,,PA
Y,A,Groth-Future,Y,USD,"10"" 12ETWW0",N,6,30,Y,10,Y,12ETWW0,NA,Y,10.02,10,Linear,W,10,10,NA,Y,10.02,10,Linear,W,10,FV
Y,A,Groth-Future,Y,USD,"10"" 12FTWW0",N,6,30,Y,10,Y,12FTWW0,NA,Y,10.02,10,Linear,W,10,10,NA,Y,10.02,10,Linear,W,10,PA
Y,A,Groth-Future,Y,USD,"10"" 12FTW00",N,6,30,Y,10,Y,12FTW00,NA,Y,10.02,10,Linear,W,10,10,,N,,,,N,,PA
Y,A,Groth-Future,Y,USD,"10"" 13TT0W0",N,6,30,Y,10,Y,13TT0W0,,N,,,,N,,10,NA,Y,10.02,10,Linear,W,10,FV
Y,A,Groth-Future,Y,USD,"10"" 13ST0W0",N,6,30,Y,10,Y,13ST0W0,,N,,,,N,,10,NA,Y,10.02,10,Linear,W,10,FV
Y,A,Groth-Future,Y,USD,"10"" 17FTWW0",N,6,30,Y,10,Y,17FTWW0,NA,Y,10.02,10,Linear,W,10,10,NA,Y,10.02,10,Linear,W,10,PA
Y,A,Groth-Future,Y,USD,"10"" 17FTW00",N,6,30,Y,10,Y,17FTW00,NA,Y,10.02,10,Linear,W,10,10,,N,,,,N,,PA
Y,A,Groth-Future,Y,USD,"10"" 23ETW00",N,6,30,Y,10,N,23ETW00,NA,Y,10.02,10,Linear,W,10,10,,N,,,,N,,FV
N,A,Groth-Future,Y,USD,"10"" 88EHWWD",Y,0,30,Y,100,N,88EHWWD,88EHWWD:10:24:Pos,Y,10.02,100,Linear,W,50,10,88EHWWD:10:24:Vac,Y,10.02,100,Linear,W,50,FV
N,A,Groth-Future,Y,USD,"10"" 88FHWWD",Y,0,30,Y,100,N,88FHWWD,88FHWWD:10:24:Pos,Y,10.02,100,Linear,W,50,10,88FHWWD:10:24:Vac,Y,10.02,100,Linear,W,50,PA
Y,A,Groth-Future,Y,USD,"10"" 12ETSW0",N,6,30,Y,10,Y,12ETSW0,NA,Y,10.02,10,Power,S,10,10,NA,Y,10.02,10,Linear,W,10,FV
Y,A,Groth-Future,Y,USD,"10"" 12ETWS0",N,6,30,Y,10,Y,12ETWS0,NA,Y,10.02,10,Linear,W,10,10,NA,Y,10.02,10,Power,S,10,FV
Y,A,Groth-Future,Y,USD,"10"" 12ETSS0",N,6,30,Y,10,Y,12ETSS0,NA,Y,10.02,10,Power,S,10,10,NA,Y,10.02,10,Power,S,10,FV
Y,A,Groth-Future,Y,USD,"10"" 12FTSW0",N,6,30,Y,10,Y,12FTSW0,NA,Y,10.02,10,Power,S,10,10,NA,Y,10.02,10,Linear,W,10,PA
Y,A,Groth-Future,Y,USD,"10"" 12FTWS0",N,6,30,Y,10,Y,12FTWS0,NA,Y,10.02,10,Linear,W,10,10,NA,Y,10.02,10,Power,S,10,PA
Y,A,Groth-Future,Y,USD,"10"" 12FTSS0",N,6,30,Y,10,Y,12FTSS0,NA,Y,10.02,10,Power,S,10,10,NA,Y,10.02,10,Power,S,10,PA
Y,A,Groth-Future,Y,USD,"10"" 12FTS00",N,6,30,Y,10,Y,12FTS00,NA,Y,10.02,10,Power,S,10,10,,N,,, ,N,,PA
Y,A,Groth,Y,USD,"10"" 1201B",N,6,100,Y,100,Y,1201B,C1,Y,10,100,Power,S,20,10,C3,Y,10,100,Power,W,10,FV
Y,A,LVA,Y,USD,"10"" 1261A",N,6,100,Y,100,Y,1261A,C1,Y,10,100,Power,S,20,10,,N,,,,N,,PA
Y,A,Groth,Y,USD,"10"" 1301-FA1",Y,2,30,Y,100,N,1301-FA1,,N,,,,N,,10,C1,Y,10,100,Power,S,50,FV
Y,A,Groth,Y,USD,"10"" 1360-FA1",Y,2,30,Y,100,N,1360-FA1,,N,,,,N,,10,C3,Y,8,100,Power,W,50,FV
Y,A,Groth,Y,USD,"10"" 1301A",N,6,100,Y,100,Y,1301A,,N,,,,N,,10,C1,Y,10,100,Power,S,20,FV
Y,A,Groth,Y,USD,"10"" 2300A Fiberglass",N,6,30,N,100,N,2300A Fiberglass,C3,Y,10,100,Power,F,10,10,,N,,,,N,,FV
Y,A,LVA,Y,USD,"10"" 1360A",N,6,100,Y,100,Y,1360A,,N,,,,N,,10,C3,Y,8,100,Power,W,10,FV
Y,A,Groth,Y,USD,"10"" 1200A Fiberglass",N,6,30,N,100,N,1200A Fiberglass,C3,Y,10,100,Power,F,10,10,C3,Y,10,100,Power,F,10,FV
Y,A,Groth,Y,USD,"10"" 1662A",N,6,30,Y,10,Y,1662A,,N,,,,N,,10,NA,Y,10,10,Linear,P,10,PA
Y,A,LVA,Y,USD,"10"" 1221B",N,6,100,Y,100,Y,1221B,C1,Y,10,100,Power,S,20,10,C3,Y,10,100,Power,W,10,PA
Y,A,Groth,Y,USD,"10"" 1360A",N,6,100,Y,100,Y,1360A,,N,,,,N,,10,C3,Y,8,100,Power,W,10,FV
Y,A,Groth,Y,USD,"10"" 1430",N,6,30,Y,10,Y,1430,NA,Y,10,10,Linear,P,10,10,,N,,,,N,,FV
Y,A,Groth,Y,USD,"10"" 2301-FA1",Y,2,30,Y,100,N,2301-FA1,C1,Y,10,100,Power,S,50,10,,N,,,,N,,FV
Y,A,Groth,Y,USD,"10"" 1361A",N,6,100,Y,100,Y,1361A,,N,,,,N,,10,C1,Y,8,100,Power,S,20,FV
Y,A,Groth,Y,USD,"10"" 2301A",N,6,100,Y,100,N,2301A,C1,Y,10,100,Power,S,20,10,,N,,,,N,,FV
N,A,Groth,Y,USD,"10"" 1260A/7618",Y,0,30,Y,100,N,1260A/7618,C3,Y,10,100,Linear,W,50,10,,N,,,,N,,PA
N,A,LVA,Y,USD,"10"" 1222B",N,0,100,Y,100,Y,1222B,C3,Y,10,100,Power,W,10,10,C1,Y,10,100,Power,S,20,PA
Y,A,LVA,Y,USD,"10"" 2300A",N,6,100,Y,100,N,2300A,C3,Y,10,100,Power,W,10,10,,N,,,,N,,FV
N,A,Groth,Y,USD,"10"" 8820A",Y,0,30,Y,100,N,8820A,C3,Y,10,100,Linear,W,50,10,C3,Y,10,100,Linear,W,50,PA
N,A,Groth,Y,USD,"10"" 8823A",Y,0,30,Y,100,N,8823A,C1,Y,10,100,Power,S,50,10,C1,Y,10,100,Power,S,50,PA
Y,A,Groth,Y,USD,"10"" 1361-FA1",Y,2,30,Y,100,N,1361-FA1,,N,,,,N,,10,C1,Y,8,100,Power,S,50,FV
Y,A,Groth,Y,USD,"10"" 1301A Fiberglass",N,6,30,N,100,N,1301A Fiberglass,,N,,,,N,,10,C1,Y,10,100,Power,S,20,FV
Y,A,LVA,Y,USD,"10"" 1301A",N,6,100,Y,100,Y,1301A,,N,,,,N,,10,C1,Y,10,100,Power,S,20,FV
Y,A,Groth,Y,USD,"10"" 1220A",N,6,100,Y,100,Y,1220A,C3,Y,10,100,Power,W,10,10,C3,Y,10,100,Power,W,10,PA
Y,A,Groth,Y,USD,"10"" 1261A Fiberglass",N,6,30,N,100,N,1261A Fiberglass,C1,Y,10,100,Power,S,20,10,,N,,,,N,,PA
Y,A,Groth,Y,USD,"10"" 1221B Fiberglass",N,6,30,N,100,N,1221B Fiberglass,C1,Y,10,100,Power,S,20,10,C3,Y,10,100,Power,F,10,PA
N,A,LVA,Y,USD,"10"" 1202B",N,0,100,Y,100,Y,1202B,C3,Y,10,100,Power,W,10,10,C1,Y,10,100,Power,S,20,FV
N,A,Groth,Y,USD,"10"" 8802A",Y,0,30,Y,100,N,8802A,C3,Y,10,100,Linear,W,50,10,C1,Y,10,100,Power,S,50,FV
Y,A,Groth,Y,USD,"10"" 1300A Fiberglass",N,6,30,N,100,N,1300A Fiberglass,,N,,,,N,,10,C3,Y,10,100,Power,F,10,FV
Y,A,Groth,Y,USD,"10"" 1203-FA1",Y,2,30,Y,100,N,1203-FA1,C1,Y,10,100,Power,S,50,10,C1,Y,10,100,Power,S,50,FV
N,A,Groth,Y,USD,"10"" 1203A Fiberglass",N,0,30,N,100,N,1203A Fiberglass,C1,Y,10,100,Power,S,20,10,C1,Y,10,100,Power,S,20,FV
N,A,Groth,Y,USD,"10"" 8822A",Y,0,30,Y,100,N,8822A,C3,Y,10,100,Linear,W,50,10,C1,Y,10,100,Power,S,50,PA
N,A,Groth,Y,USD,"10"" 1301A/7618",Y,0,30,Y,100,N,1301A/7618,,N,,,,N,,10,C1,Y,10,100,Power,S,50,FV
N,A,Groth,Y,USD,"10"" 1202B Fiberglass",N,0,30,N,100,N,1202B Fiberglass,C3,Y,10,100,Power,F,10,10,C1,Y,10,100,Power,S,20,FV
Y,A,Groth,Y,USD,"10"" 1260A",N,6,100,Y,100,Y,1260A,C3,Y,10,100,Power,W,10,10,,N,,,,N,,PA
N,A,Groth,Y,USD,"10"" 1222B Fiberglass",N,0,30,N,100,N,1222B Fiberglass,C3,Y,10,100,Power,F,10,10,C1,Y,10,100,Power,S,20,PA
Y,A,LVA,Y,USD,"10"" 1201B",N,6,100,Y,100,Y,1201B,C1,Y,10,100,Power,S,20,10,C3,Y,10,100,Power,W,10,FV
N,A,Groth,Y,USD,"10"" 8803A",Y,0,30,Y,100,N,8803A,C1,Y,10,100,Power,S,50,10,C1,Y,10,100,Power,S,50,FV
Y,A,LVA,Y,USD,"10"" 1220A",N,6,100,Y,100,Y,1220A,C3,Y,10,100,Power,W,10,10,C3,Y,10,100,Power,W,10,PA
Y,A,Groth,Y,USD,"10"" 1361A Fiberglass",N,6,30,N,100,N,1361A Fiberglass,,N,,,,N,,10,C1,Y,8,100,Power,S,20,FV
Y,A,Groth,Y,USD,"10"" 1300A",N,6,100,Y,100,Y,1300A,,N,,,,N,,10,C3,Y,10,100,Power,W,10,FV
N,A,Groth,Y,USD,"10"" 8800A",Y,0,30,Y,100,N,8800A,C3,Y,10,100,Linear,W,50,10,C3,Y,10,100,Linear,W,50,FV
Y,A,Groth,Y,USD,"10"" 1660A",N,6,30,Y,10,Y,1660A,NA,Y,10,10,Linear,P,10,10,,N,,,,N,,PA
Y,A,LVA,Y,USD,"10"" 2301A",N,6,100,Y,100,N,2301A,C1,Y,10,100,Power,S,20,10,,N,,,,N,,FV
Y,A,Groth,Y,USD,"10"" 1420",N,6,30,Y,100,Y,1420,NA,Y,10,10,Linear,P,10,10,C3,Y,10,100,Power,W,10,PA
Y,A,Groth,Y,USD,"10"" 2300A",N,6,100,Y,100,N,2300A,C3,Y,10,100,Power,W,10,10,,N,,,,N,,FV
Y,A,Groth,Y,USD,"10"" 1201B Fiberglass",N,6,30,N,100,N,1201B Fiberglass,C1,Y,10,100,Power,S,20,10,C3,Y,10,100,Power,F,10,FV
N,A,LVA,Y,USD,"10"" 1223A",N,0,100,Y,100,Y,1223A,C1,Y,10,100,Power,S,20,10,C1,Y,10,100,Power,S,20,PA
Y,A,LVA,Y,USD,"10"" 1300A",N,6,100,Y,100,Y,1300A,,N,,,,N,,10,C3,Y,10,100,Power,W,10,FV
N,A,Groth,Y,USD,"10"" 2301A/7618",Y,0,30,Y,100,N,2301A/7618,C1,Y,10,100,Power,S,50,10,,N,,,,N,,FV
Y,A,LVA,Y,USD,"10"" 1361A",N,6,100,Y,100,Y,1361A,,N,,,,N,,10,C1,Y,8,100,Power,S,20,FV
Y,A,Groth,Y,USD,"10"" 2300-FA1",Y,2,30,Y,100,N,2300-FA1,C3,Y,10,100,Power,W,50,10,,N,,,,N,,FV
Y,A,Groth,Y,USD,"10"" 1260A Fiberglass",N,6,30,N,100,N,1260A Fiberglass,C3,Y,10,100,Power,F,10,10,,N,,,,N,,PA
N,A,Groth,Y,USD,"10"" 1202B",N,0,100,Y,100,Y,1202B,C3,Y,10,100,Power,W,10,10,C1,Y,10,100,Power,S,20,FV
N,A,Groth,Y,USD,"10"" 1203A",N,0,100,Y,100,Y,1203A,C1,Y,10,100,Power,S,20,10,C1,Y,10,100,Power,S,20,FV
N,A,Groth,Y,USD,"10"" 8801A",Y,0,30,Y,100,N,8801A,C1,Y,10,100,Power,S,50,10,C3,Y,10,100,Linear,W,50,FV
Y,A,Groth,Y,USD,"10"" 1261A",N,6,100,Y,100,Y,1261A,C1,Y,10,100,Power,S,20,10,,N,,,,N,,PA
N,A,Groth,Y,USD,"10"" 1300A/7618",Y,0,30,Y,100,N,1300A/7618,,N,,,,N,,10,C3,Y,10,100,Linear,W,50,FV
N,A,Groth,Y,USD,"10"" 1223A",N,0,100,Y,100,Y,1223A,C1,Y,10,100,Power,S,20,10,C1,Y,10,100,Power,S,20,PA
Y,A,LVA,Y,USD,"10"" 1260A",N,6,100,Y,100,Y,1260A,C3,Y,10,100,Power,W,10,10,,N,,,,N,,PA
N,A,Groth,Y,USD,"12"" 1223A",N,0,100,Y,100,Y,1223A,C1,Y,12,100,Power,S,20,12,C1,Y,12,100,Power,S,20,PA
Y,A,LVA,Y,USD,"12"" 1221B",N,6,100,Y,100,Y,1221B,C1,Y,12,100,Power,S,20,12,C3,Y,12,100,Power,W,10,PA
Y,A,Groth,Y,USD,"12"" 2301-FA1",Y,2,30,Y,100,N,2301-FA1,C1,Y,12,100,Power,S,50,12,,N,,,,N,,FV
Y,A,Groth,Y,USD,"12"" 1221B",N,6,100,Y,100,Y,1221B,C1,Y,12,100,Power,S,20,12,C3,Y,12,100,Power,W,10,PA
Y,A,Groth,Y,USD,"12"" 1301-FA1",Y,2,30,Y,100,N,1301-FA1,,N,,,,N,,12,C1,Y,12,100,Power,S,50,FV
Y,A,LVA,Y,USD,"12"" 2300A",N,6,100,Y,100,N,2300A,C3,Y,12,100,Power,W,10,12,,N,,,,N,,FV
N,A,Groth,Y,USD,"12"" 2301A/7618",Y,0,30,Y,100,N,2301A/7618,C1,Y,12,100,Power,S,50,12,,N,,,,N,,FV
Y,A,LVA,Y,USD,"12"" 1300A",N,6,100,Y,100,Y,1300A,,N,,,,N,,12,C3,Y,12,100,Power,W,10,FV
Y,A,Groth,Y,USD,"12"" 2300A",N,6,100,Y,100,N,2300A,C3,Y,12,100,Power,W,10,12,,N,,,,N,,FV
Y,A,Groth,Y,USD,"12"" 1220A Fiberglass",N,6,30,N,100,N,1220A Fiberglass,C3,Y,12,100,Power,F,10,12,C3,Y,12,100,Power,F,10,PA
Y,A,LVA,Y,USD,"12"" 1201B",N,6,100,Y,100,Y,1201B,C1,Y,12,100,Power,S,20,12,C3,Y,12,100,Power,W,10,FV
Y,A,LVA,Y,USD,"12"" 1361A",N,6,100,Y,100,Y,1361A,,N,,,,N,,12,C1,Y,10,100,Power,S,20,FV
Y,A,Groth,Y,USD,"12"" 1361A Fiberglass",N,6,30,N,100,N,1361A Fiberglass,,N,,,,N,,12,C1,Y,10,100,Power,S,20,FV
Y,A,Groth,Y,USD,"12"" 2300-FA1",Y,2,30,Y,100,N,2300-FA1,C3,Y,12,100,Power,W,50,12,,N,,,,N,,FV
Y,A,Groth,Y,USD,"12"" 1300A",N,6,100,Y,100,Y,1300A,,N,,,,N,,12,C3,Y,12,100,Power,W,10,FV
Y,A,Groth,Y,USD,"12"" 1660A",N,6,30,Y,10,Y,1660A,NA,Y,12,10,Linear,P,10,12,,N,,,,N,,PA
Y,A,Groth,Y,USD,"12"" 1420",N,6,30,Y,100,Y,1420,NA,Y,12,10,Linear,P,10,12,C3,Y,12,100,Power,W,10,PA
N,A,Groth,Y,USD,"12"" 8822A",Y,0,30,Y,100,N,8822A,C3,Y,12,100,Linear,W,50,12,C1,Y,12,100,Power,S,50,PA
Y,A,Groth,Y,USD,"12"" 1260A",N,6,100,Y,100,Y,1260A,C3,Y,12,100,Power,W,10,12,,N,,,,N,,PA
N,A,Groth,Y,USD,"12"" 8800A",Y,0,30,Y,100,N,8800A,C3,Y,12,100,Linear,W,50,12,C3,Y,12,100,Linear,W,50,FV
Y,A,Groth,Y,USD,"12"" 1360A Fiberglass",N,6,30,N,100,N,1360A Fiberglass,,N,,,,N,,12,C3,Y,10,100,Power,F,10,FV
N,A,Groth,Y,USD,"12"" 8803A",Y,0,30,Y,100,N,8803A,C1,Y,12,100,Power,S,50,12,C1,Y,12,100,Power,S,50,FV
N,A,Groth,Y,USD,"12"" 1202B Fiberglass",N,0,30,N,100,N,1202B Fiberglass,C3,Y,12,100,Power,F,10,12,C1,Y,12,100,Power,S,20,FV
Y,A,Groth,Y,USD,"12"" 1300-FA1",Y,2,30,Y,100,N,1300-FA1,,N,,,,N,,12,C3,Y,12,100,Linear,W,50,FV
N,A,Groth,Y,USD,"12"" 1222B Fiberglass",N,0,30,N,100,N,1222B Fiberglass,C3,Y,12,100,Power,F,10,12,C1,Y,12,100,Power,S,20,PA
Y,A,LVA,Y,USD,"12"" 1220A",N,6,100,Y,100,Y,1220A,C3,Y,12,100,Power,W,10,12,C3,Y,12,100,Power,W,10,PA
N,A,LVA,Y,USD,"12"" 1223A",N,0,100,Y,100,Y,1223A,C1,Y,12,100,Power,S,20,12,C1,Y,12,100,Power,S,20,PA
Y,A,Groth,Y,USD,"12"" 2301A",N,6,100,Y,100,N,2301A,C1,Y,12,100,Power,S,20,12,,N,,,,N,,FV
Y,A,Groth,Y,USD,"12"" 1200A Fiberglass",N,6,30,N,100,N,1200A Fiberglass,C3,Y,12,100,Power,F,10,12,C3,Y,12,100,Power,F,10,FV
Y,A,Groth,Y,USD,"12"" 1202-FA1",Y,2,30,Y,100,N,1202-FA1,C3,Y,12,100,Linear,W,50,12,C1,Y,12,100,Power,S,50,FV
Y,A,Groth,Y,USD,"12"" 1261A Fiberglass",N,6,30,N,100,N,1261A Fiberglass,C1,Y,12,100,Power,S,20,12,,N,,,,N,,PA
Y,A,Groth,Y,USD,"12"" 1361-FA1",Y,2,30,Y,100,N,1361-FA1,,N,,,,N,,12,C1,Y,10,100,Power,S,50,FV
Y,A,Groth,Y,USD,"12"" 1201-FA1",Y,2,30,Y,100,N,1201-FA1,C1,Y,12,100,Power,S,50,12,C3,Y,12,100,Linear,W,50,FV
N,A,Groth,Y,USD,"12"" 8801A",Y,0,30,Y,100,N,8801A,C1,Y,12,100,Power,S,50,12,C3,Y,12,100,Linear,W,50,FV
Y,A,Groth,Y,USD,"12"" 1221B Fiberglass",N,6,30,N,100,N,1221B Fiberglass,C1,Y,12,100,Power,S,20,12,C3,Y,12,100,Power,F,10,PA
Y,A,LVA,Y,USD,"12"" 1261A",N,6,100,Y,100,Y,1261A,C1,Y,12,100,Power,S,20,12,,N,,,,N,,PA
Y,A,Groth,Y,USD,"12"" 1662A",N,6,30,Y,10,Y,1662A,,N,,,,N,,12,NA,Y,12,10,Linear,P,10,PA
Y,A,Groth,Y,USD,"12"" 1300A Fiberglass",N,6,30,N,100,N,1300A Fiberglass,,N,,,,N,,12,C3,Y,12,100,Power,F,10,FV
Y,A,Groth,Y,USD,"12"" 1430",N,6,30,Y,10,Y,1430,NA,Y,12,10,Linear,P,10,12,,N,,,,N,,FV
N,A,Groth,Y,USD,"12"" 1260A/7618",Y,0,30,Y,100,N,1260A/7618,C3,Y,12,100,Linear,W,50,12,,N,,,,N,,PA
Y,A,Groth,Y,USD,"12"" 1361A",N,6,100,Y,100,Y,1361A,,N,,,,N,,12,C1,Y,10,100,Power,S,20,FV
N,A,LVA,Y,USD,"12"" 1202B",N,0,100,Y,100,Y,1202B,C3,Y,12,100,Power,W,10,12,C1,Y,12,100,Power,S,20,FV
Y,A,Groth-Future,Y,USD,"12"" 13TT0S0",N,6,30,Y,10,Y,13TT0S0,,N,,,Power,N,10,12,NA,Y,11.938,10,Power,S,10,FV
Y,A,Groth-Future,Y,USD,"12"" 13ST0S0",N,6,30,Y,10,Y,13ST0S0,,N,,, ,N,,12,NA,Y,11.938,10,Power,S,10,FV
Y,A,Groth-Future,Y,USD,"12"" 23ETS00",N,6,30,Y,10,N,23ETS00,NA,Y,11.938,10,Power,S,10,12,,N,,, ,N,,FV
Y,A,Groth-Future,Y,USD,"12"" 12FTSW0",N,6,30,Y,10,Y,17FTSW0,NA,Y,11.938,10,Power,S,10,12,NA,Y,11.938,10,Linear,W,10,PA
Y,A,Groth-Future,Y,USD,"12"" 12FTWS0",N,6,30,Y,10,Y,17FTWS0,NA,Y,11.938,10,Linear,W,10,12,NA,Y,11.938,10,Power,S,10,PA
Y,A,Groth-Future,Y,USD,"12"" 17FTSS0",N,6,30,Y,10,Y,17FTSS0,NA,Y,11.938,10,Power,S,10,12,NA,Y,11.938,10,Power,S,10,PA
Y,A,Groth-Future,Y,USD,"12"" 12FTS00",N,6,30,Y,10,Y,17FTS00,NA,Y,11.938,10,Power,S,10,12,,N,,, ,N,,PA
N,A,Groth,Y,USD,"12"" 1261A/7618",Y,0,30,Y,100,N,1261A/7618,C1,Y,12,100,Power,S,50,12,,N,,,,N,,PA
Y,A,Groth,Y,USD,"12"" 1200-FA1",Y,2,30,Y,100,N,1200-FA1,C3,Y,12,100,Linear,W,50,12,C3,Y,12,100,Linear,W,50,FV
N,A,Groth,Y,USD,"12"" 1300A/7618",Y,0,30,Y,100,N,1300A/7618,,N,,,,N,,12,C3,Y,12,100,Linear,W,50,FV
N,A,Groth,Y,USD,"12"" 1222B",N,0,100,Y,100,Y,1222B,C3,Y,12,100,Power,W,10,12,C1,Y,12,100,Power,S,20,PA
N,A,Groth,Y,USD,"12"" 1223A Fiberglass",N,0,30,N,100,N,1223A Fiberglass,C1,Y,12,100,Power,S,20,12,C1,Y,12,100,Power,S,20,PA
Y,A,Groth,Y,USD,"12"" 2301A Fiberglass",N,6,30,N,100,N,2301A Fiberglass,C1,Y,12,100,Power,S,20,12,,N,,,,N,,FV
Y,A,Groth,Y,USD,"12"" 1203-FA1",Y,2,30,Y,100,N,1203-FA1,C1,Y,12,100,Power,S,50,12,C1,Y,12,100,Power,S,50,FV
Y,A,Groth,Y,USD,"12"" 1460",N,6,30,Y,10,Y,1460,NA,Y,12,10,Linear,P,10,12,,N,,,,N,,PA
Y,A,Groth,Y,USD,"12"" 1200A",N,6,100,Y,100,Y,1200A,C3,Y,12,100,Power,W,10,12,C3,Y,12,100,Power,W,10,FV
N,A,Groth,Y,USD,"12"" 8802A",Y,0,30,Y,100,N,8802A,C3,Y,12,100,Linear,W,50,12,C1,Y,12,100,Power,S,50,FV
N,A,Groth,Y,USD,"12"" 1203A Fiberglass",N,0,30,N,100,N,1203A Fiberglass,C1,Y,12,100,Power,S,20,12,C1,Y,12,100,Power,S,20,FV
N,A,Groth,Y,USD,"12"" 8821A",Y,0,30,Y,100,N,8821A,C1,Y,12,100,Power,S,50,12,C3,Y,12,100,Linear,W,50,PA
Y,A,Groth,Y,USD,"12"" 1201B Fiberglass",N,6,30,N,100,N,1201B Fiberglass,C1,Y,12,100,Power,S,20,12,C3,Y,12,100,Power,F,10,FV
N,A,Groth,Y,USD,"12"" 8820A",Y,0,30,Y,100,N,8820A,C3,Y,12,100,Linear,W,50,12,C3,Y,12,100,Linear,W,50,PA
Y,A,LVA,Y,USD,"12"" 1200A",N,6,100,Y,100,Y,1200A,C3,Y,12,100,Power,W,10,12,C3,Y,12,100,Power,W,10,FV
N,A,Groth,Y,USD,"12"" 2300A/7618",Y,0,30,Y,100,N,2300A/7618,C3,Y,12,100,Power,W,50,12,,N,,,,N,,FV
Y,A,Groth,Y,USD,"12"" 1400",N,6,30,Y,100,Y,1400,NA,Y,12,10,Linear,P,10,12,C3,Y,12,100,Power,W,10,FV
Y,A,LVA,Y,USD,"12"" 1360A",N,6,100,Y,100,Y,1360A,,N,,,,N,,12,C3,Y,10,100,Power,W,10,FV
N,A,LVA,Y,USD,"12"" 1203A",N,0,100,Y,100,Y,1203A,C1,Y,12,100,Power,S,20,12,C1,Y,12,100,Power,S,20,FV
N,A,LVA,Y,USD,"12"" 1222B",N,0,100,Y,100,Y,1222B,C3,Y,12,100,Power,W,10,12,C1,Y,12,100,Power,S,20,PA
Y,A,Groth,Y,USD,"12"" 14ETPW0",N,6,30,Y,10,Y,14ETPW0,NA,Y,11.938,10,Linear,P,10,12,NA,Y,11.938,10,Linear,W,10,FV
Y,A,Groth,Y,USD,"12"" 14FTPW0",N,6,30,Y,10,Y,14FTPW0,NA,Y,11.938,10,Linear,P,10,12,NA,Y,11.938,10,Linear,W,10,PA
Y,A,Groth,Y,USD,"12"" 14ETP00",N,6,30,Y,10,Y,14ETP00,NA,Y,11.938,10,Linear,P,10,12,,N,,,,N,,FV
Y,A,Groth,Y,USD,"12"" 14FTP00",N,6,30,Y,10,Y,14FTP00,NA,Y,11.938,10,Linear,P,10,12,,N,,,,N,,PA
Y,A,Groth-Future,Y,USD,"12"" 12ETWW0",N,6,30,Y,10,Y,12ETWW0,NA,Y,11.938,10,Linear,W,10,12,NA,Y,11.938,10,Linear,W,10,FV
Y,A,Groth-Future,Y,USD,"12"" 12FTWW0",N,6,30,Y,10,Y,12FTWW0,NA,Y,11.938,10,Linear,W,10,12,NA,Y,11.938,10,Linear,W,10,PA
Y,A,Groth-Future,Y,USD,"12"" 12FTW00",N,6,30,Y,10,Y,12FTW00,NA,Y,11.938,10,Linear,W,10,12,,N,,,,N,,PA
Y,A,Groth-Future,Y,USD,"12"" 13TT0W0",N,6,30,Y,10,Y,13TT0W0,,N,,,,N,,12,NA,Y,11.938,10,Linear,W,10,FV
Y,A,Groth-Future,Y,USD,"12"" 13ST0W0",N,6,30,Y,10,Y,13ST0W0,,N,,,,N,,12,NA,Y,11.938,10,Linear,W,10,FV
Y,A,Groth-Future,Y,USD,"12"" 17FTWW0",N,6,30,Y,10,Y,17FTWW0,NA,Y,11.938,10,Linear,W,10,12,NA,Y,11.938,10,Linear,W,10,PA
Y,A,Groth-Future,Y,USD,"12"" 17FTW00",N,6,30,Y,10,Y,17FTW00,NA,Y,11.938,10,Linear,W,10,12,,N,,,,N,,PA
Y,A,Groth-Future,Y,USD,"12"" 23ETW00",N,6,30,Y,10,N,23ETW00,NA,Y,11.938,10,Linear,W,10,12,,N,,,,N,,FV
N,A,Groth-Future,Y,USD,"12"" 88EHWWD",Y,0,30,Y,100,N,88EHWWD,88EHWWD:12:28:Pos,Y,11.938,100,Linear,W,50,12,88EHWWD:12:28:Vac,Y,11.938,100,Linear,W,50,FV
N,A,Groth-Future,Y,USD,"12"" 88FHWWD",Y,0,30,Y,100,N,88FHWWD,88FHWWD:12:28:Pos,Y,11.938,100,Linear,W,50,12,88FHWWD:12:28:Vac,Y,11.938,100,Linear,W,50,PA
Y,A,Groth-Future,Y,USD,"12"" 12ETSW0",N,6,30,Y,10,Y,12ETSW0,NA,Y,11.938,10,Power,S,10,12,NA,Y,11.938,10,Linear,W,10,FV
Y,A,Groth-Future,Y,USD,"12"" 12ETWS0",N,6,30,Y,10,Y,12ETWS0,NA,Y,11.938,10,Linear,W,10,12,NA,Y,11.938,10,Power,S,10,FV
Y,A,Groth-Future,Y,USD,"12"" 12ETSS0",N,6,30,Y,10,Y,12ETSS0,NA,Y,11.938,10,Power,S,10,12,NA,Y,11.938,10,Power,S,10,FV
Y,A,Groth-Future,Y,USD,"12"" 12FTSW0",N,6,30,Y,10,Y,12FTSW0,NA,Y,11.938,10,Power,S,10,12,NA,Y,11.938,10,Linear,W,10,PA
Y,A,Groth-Future,Y,USD,"12"" 12FTWS0",N,6,30,Y,10,Y,12FTWS0,NA,Y,11.938,10,Linear,W,10,12,NA,Y,11.938,10,Power,S,10,PA
Y,A,Groth-Future,Y,USD,"12"" 12FTSS0",N,6,30,Y,10,Y,12FTSS0,NA,Y,11.938,10,Power,S,10,12,NA,Y,11.938,10,Power,S,10,PA
Y,A,Groth-Future,Y,USD,"12"" 12FTS00",N,6,30,Y,10,Y,12FTS00,NA,Y,11.938,10,Power,S,10,12,,N,,, ,N,,PA
N,A,Groth,Y,USD,"12"" 1203A",N,0,100,Y,100,Y,1203A,C1,Y,12,100,Power,S,20,12,C1,Y,12,100,Power,S,20,FV
Y,A,LVA,Y,USD,"12"" 1260A",N,6,100,Y,100,Y,1260A,C3,Y,12,100,Power,W,10,12,,N,,,,N,,PA
Y,A,Groth,Y,USD,"12"" 1201B",N,6,100,Y,100,Y,1201B,C1,Y,12,100,Power,S,20,12,C3,Y,12,100,Power,W,10,FV
N,A,Groth,Y,USD,"12"" 1202B",N,0,100,Y,100,Y,1202B,C3,Y,12,100,Power,W,10,12,C1,Y,12,100,Power,S,20,FV
N,A,Groth,Y,USD,"12"" 1301A/7618",Y,0,30,Y,100,N,1301A/7618,,N,,,,N,,12,C1,Y,12,100,Power,S,50,FV
N,A,Groth,Y,USD,"12"" 8823A",Y,0,30,Y,100,N,8823A,C1,Y,12,100,Power,S,50,12,C1,Y,12,100,Power,S,50,PA
Y,A,Groth,Y,USD,"12"" 1260A Fiberglass",N,6,30,N,100,N,1260A Fiberglass,C3,Y,12,100,Power,F,10,12,,N,,,,N,,PA
Y,A,Groth,Y,USD,"12"" 1220A",N,6,100,Y,100,Y,1220A,C3,Y,12,100,Power,W,10,12,C3,Y,12,100,Power,W,10,PA
Y,A,Groth,Y,USD,"12"" 2300A Fiberglass",N,6,30,N,100,N,2300A Fiberglass,C3,Y,12,100,Power,F,10,12,,N,,,,N,,FV
Y,A,Groth,Y,USD,"12"" 1261A",N,6,100,Y,100,Y,1261A,C1,Y,12,100,Power,S,20,12,,N,,,,N,,PA
Y,A,LVA,Y,USD,"12"" 2301A",N,6,100,Y,100,N,2301A,C1,Y,12,100,Power,S,20,12,,N,,,,N,,FV
Y,A,Groth,Y,USD,"12"" 1301A",N,6,100,Y,100,Y,1301A,,N,,,,N,,12,C1,Y,12,100,Power,S,20,FV
Y,A,Groth,Y,USD,"12"" 1360-FA1",Y,2,30,Y,100,N,1360-FA1,,N,,,,N,,12,C3,Y,10,100,Power,W,50,FV
Y,A,LVA,Y,USD,"12"" 1301A",N,6,100,Y,100,Y,1301A,,N,,,,N,,12,C1,Y,12,100,Power,S,20,FV
Y,A,Groth,Y,USD,"12"" 1301A Fiberglass",N,6,30,N,100,N,1301A Fiberglass,,N,,,,N,,12,C1,Y,12,100,Power,S,20,FV
Y,A,Groth,Y,USD,"12"" 1360A",N,6,100,Y,100,Y,1360A,,N,,,,N,,12,C3,Y,10,100,Power,W,10,FV
Y,A,Groth,Y,USD,"14"" 1360A",N,6,100,Y,100,Y,1360A,,N,,,,N,,14,C3,Y,12,100,Power,W,10,FV
Y,A,Groth,Y,USD,"14"" 1361A",N,6,100,Y,100,Y,1361A,,N,,,,N,,14,C1,Y,12,100,Power,S,20,FV
Y,A,LVA,Y,USD,"14"" 1361A",N,6,100,Y,100,Y,1361A,,N,,,,N,,14,C1,Y,12,100,Power,S,20,FV
Y,A,Groth-Future,Y,USD,"14"" 13TT0W0",N,6,30,Y,10,Y,13TT0W0,,N,,,,N,,14,NA,Y,13.25,10,Linear,W,10,FV
Y,A,LVA,Y,USD,"14"" 1360A",N,6,100,Y,100,Y,1360A,,N,,,,N,,14,C3,Y,12,100,Power,W,10,FV
Y,A,Groth,Y,USD,"16"" 2050A",N,6,5,Y,100,N,2050A,C4,Y,15.5,100,Power,D,10,16,C1,Y,8,100,Power,S,20,FV
Y,A,Groth,Y,USD,"16"" 2100",N,6,30,Y,100,N,2100,C1,Y,15.5,100,Linear,S,20,16,,N,,,,N,,FV
Y,A,Groth-Future,Y,USD,"16"" 13TT0W0",N,6,30,Y,10,Y,13TT0W0,,N,,,,N,,16,NA,Y,15.25,10,Linear,W,10,FV
Y,A,LVA,Y,USD,"16"" 2400A",N,6,5,Y,100,N,2400A,C4,Y,15.5,100,Power,W,10,16,,N,,,,N,,FV
Y,A,Groth,Y,USD,"16"" 2450A",N,6,5,Y,100,N,2450A,C4,Y,15.5,100,Power,D,10,16,C1,Y,8,100,Power,S,20,FV
Y,A,LVA,Y,USD,"16"" 2450A",N,6,5,Y,100,N,2450A,C4,Y,15.5,100,Power,D,10,16,C1,Y,8,100,Power,S,20,FV
Y,A,Groth,Y,USD,"16"" 2400A",N,6,5,Y,100,N,2400A,C4,Y,15.5,100,Power,W,10,16,,N,,,,N,,FV
Y,A,LVA,Y,USD,"16"" 2050A",N,6,5,Y,100,N,2050A,C4,Y,15.5,100,Power,D,10,16,C1,Y,8,100,Power,S,20,FV
Y,A,LVA,Y,USD,"16"" 2000A",N,6,5,Y,100,N,2000A,C4,Y,15.5,100,Power,W,10,16,,N,,,,N,,FV
Y,A,LVA,Y,USD,"16"" 2100",N,6,30,Y,100,N,2100,C1,Y,15.5,100,Linear,S,20,16,,N,,,,N,,FV
Y,A,Groth,Y,USD,"16"" 2000A",N,6,5,Y,100,N,2000A,C4,Y,15.5,100,Power,W,10,16,,N,,,,N,,FV
N,A,Groth,Y,USD,"16"" 2000A Fiberglass",N,0,5,N,100,N,2000A Fiberglass,C4,Y,15.5,100,Power,F,10,16,,N,,,,N,,FV
Y,A,LVA,Y,USD,"20"" 2050A",N,6,5,Y,100,N,2050A,C4,Y,19.5,100,Power,D,10,20,C1,Y,8,100,Power,S,20,FV
Y,A,LVA,Y,USD,"20"" 2100",N,6,30,Y,100,N,2100,C1,Y,19.5,100,Linear,S,20,20,,N,,,,N,,FV
Y,A,Groth,Y,USD,"20"" 2100",N,6,30,Y,100,N,2100,C1,Y,19.5,100,Linear,S,20,20,,N,,,,N,,FV
N,A,LVA,Y,USD,"20"" 2050A Fiberglass",N,0,5,N,100,N,2050A Fiberglass,C4,Y,19.5,100,Power,F,10,20,C1,Y,8,100,Power,S,20,FV
N,A,Groth,Y,USD,"20"" 2050A Fiberglass",N,0,5,N,100,N,2050A Fiberglass,C4,Y,19.5,100,Power,F,10,20,C1,Y,8,100,Power,S,20,FV
N,A,Groth,Y,USD,"20"" 2000A Fiberglass",N,0,5,N,100,N,2000A Fiberglass,C4,Y,19.5,100,Power,F,10,20,,N,,,,N,,FV
Y,A,Groth,Y,USD,"20"" 2450A",N,6,5,Y,100,N,2450A,C4,Y,19.5,100,Power,D,10,20,C1,Y,8,100,Power,S,20,FV
Y,A,LVA,Y,USD,"20"" 2450A",N,6,5,Y,100,N,2450A,C4,Y,19.5,100,Power,D,10,20,C1,Y,8,100,Power,S,20,FV
Y,A,LVA,Y,USD,"20"" 2400A",N,6,5,Y,100,N,2400A,C4,Y,19.5,100,Power,W,10,20,,N,,,,N,,FV
Y,A,Groth,Y,USD,"20"" 2050A",N,6,5,Y,100,N,2050A,C4,Y,19.5,100,Power,D,10,20,C1,Y,8,100,Power,S,20,FV
Y,A,Groth,Y,USD,"20"" 2400A",N,6,5,Y,100,N,2400A,C4,Y,19.5,100,Power,W,10,20,,N,,,,N,,FV
Y,A,Groth,Y,USD,"20"" 2000A",N,6,5,Y,100,N,2000A,C4,Y,19.5,100,Power,W,10,20,,N,,,,N,,FV
Y,A,LVA,Y,USD,"20"" 2000A",N,6,5,Y,100,N,2000A,C4,Y,19.5,100,Power,W,10,20,,N,,,,N,,FV
Y,A,LVA,Y,USD,"24"" 2100",N,6,30,Y,100,N,2100,C1,Y,23.5,100,Linear,S,20,24,,N,,,,N,,FV
Y,A,Groth,Y,USD,"24"" 2050A",N,6,5,Y,100,N,2050A,C4,Y,23.5,100,Power,D,10,24,C1,Y,8,100,Power,S,20,FV
Y,A,Groth,Y,USD,"24"" 2000A",N,6,5,Y,100,N,2000A,C4,Y,23.5,100,Power,W,10,24,,N,,,,N,,FV
Y,A,Groth,Y,USD,"24"" 2100",N,6,30,Y,100,N,2100,C1,Y,23.5,100,Linear,S,20,24,,N,,,,N,,FV
Y,A,LVA,Y,USD,"24"" 2450A",N,6,5,Y,100,N,2450A,C4,Y,23.5,100,Power,D,10,24,C1,Y,8,100,Power,S,20,FV
Y,A,Groth,Y,USD,"24"" 2450A",N,6,5,Y,100,N,2450A,C4,Y,23.5,100,Power,D,10,24,C1,Y,8,100,Power,S,20,FV
Y,A,LVA,Y,USD,"24"" 2050A",N,6,5,Y,100,N,2050A,C4,Y,23.5,100,Power,D,10,24,C1,Y,8,100,Power,S,20,FV
Y,A,Groth,Y,USD,"24"" 2400A",N,6,5,Y,100,N,2400A,C4,Y,23.5,100,Power,W,10,24,,N,,,,N,,FV
N,A,Groth,Y,USD,"24"" 2000A Fiberglass",N,0,5,N,100,N,2000A Fiberglass,C4,Y,23.5,100,Power,F,10,24,,N,,,,N,,FV
N,A,Groth,Y,USD,"24"" 2050A Fiberglass",N,0,5,N,100,N,2050A Fiberglass,C4,Y,23.5,100,Power,F,10,24,C1,Y,8,100,Power,S,20,FV
N,A,LVA,Y,USD,"24"" 2050A Fiberglass",N,0,5,N,100,N,2050A Fiberglass,C4,Y,23.5,100,Power,F,10,24,C1,Y,8,100,Power,S,20,FV
Y,A,LVA,Y,USD,"24"" 2000A",N,6,5,Y,100,N,2000A,C4,Y,23.5,100,Power,W,10,24,,N,,,,N,,FV
Y,A,LVA,Y,USD,"24"" 2400A",N,6,5,Y,100,N,2400A,C4,Y,23.5,100,Power,W,10,24,,N,,,,N,,FV